{
    "name": "root",
    "gauges": {
        "CollabRLCu_NoLearning.Policy.Entropy.mean": {
            "value": 0.15504752099514008,
            "min": 0.13204970955848694,
            "max": 0.15738864243030548,
            "count": 17
        },
        "CollabRLCu_NoLearning.Policy.Entropy.sum": {
            "value": 4787.86767578125,
            "min": 1465.1531982421875,
            "max": 4787.86767578125,
            "count": 17
        },
        "CollabRLCu_NoLearning.Environment.EpisodeLength.mean": {
            "value": 87.93859649122807,
            "min": 85.3963963963964,
            "max": 96.0304054054054,
            "count": 17
        },
        "CollabRLCu_NoLearning.Environment.EpisodeLength.sum": {
            "value": 30075.0,
            "min": 9479.0,
            "max": 30683.0,
            "count": 17
        },
        "CollabRLCu_NoLearning.Step.mean": {
            "value": 5489958.0,
            "min": 5009947.0,
            "max": 5489958.0,
            "count": 17
        },
        "CollabRLCu_NoLearning.Step.sum": {
            "value": 5489958.0,
            "min": 5009947.0,
            "max": 5489958.0,
            "count": 17
        },
        "CollabRLCu_NoLearning.Policy.ExtrinsicValueEstimate.mean": {
            "value": 2.754450798034668,
            "min": 2.6847665309906006,
            "max": 2.916466474533081,
            "count": 17
        },
        "CollabRLCu_NoLearning.Policy.ExtrinsicValueEstimate.sum": {
            "value": 1041.182373046875,
            "min": 342.44189453125,
            "max": 1088.029541015625,
            "count": 17
        },
        "CollabRLCu_NoLearning.Policy.CuriosityValueEstimate.mean": {
            "value": 0.090823695063591,
            "min": 0.08965542912483215,
            "max": 0.09283445030450821,
            "count": 17
        },
        "CollabRLCu_NoLearning.Policy.CuriosityValueEstimate.sum": {
            "value": 34.331356048583984,
            "min": 11.154060363769531,
            "max": 35.10189437866211,
            "count": 17
        },
        "CollabRLCu_NoLearning.Environment.CumulativeReward.mean": {
            "value": 4.967658672548697,
            "min": 4.967658672548697,
            "max": 5.162538533975713,
            "count": 17
        },
        "CollabRLCu_NoLearning.Environment.CumulativeReward.sum": {
            "value": 1659.1979966312647,
            "min": 537.6659984588623,
            "max": 1715.261331051588,
            "count": 17
        },
        "CollabRLCu_NoLearning.Policy.ExtrinsicReward.mean": {
            "value": 4.967658672548697,
            "min": 4.967658672548697,
            "max": 5.162538533975713,
            "count": 17
        },
        "CollabRLCu_NoLearning.Policy.ExtrinsicReward.sum": {
            "value": 1659.1979966312647,
            "min": 537.6659984588623,
            "max": 1715.261331051588,
            "count": 17
        },
        "CollabRLCu_NoLearning.Policy.CuriosityReward.mean": {
            "value": 0.0400360243506158,
            "min": 0.036013659447217954,
            "max": 0.04484771497720922,
            "count": 17
        },
        "CollabRLCu_NoLearning.Policy.CuriosityReward.sum": {
            "value": 13.372032133105677,
            "min": 3.817447901405103,
            "max": 14.333578003395814,
            "count": 17
        },
        "CollabRLCu_NoLearning.Losses.PolicyLoss.mean": {
            "value": 0.09878151848201133,
            "min": 0.09403991626922317,
            "max": 0.10069464328485989,
            "count": 17
        },
        "CollabRLCu_NoLearning.Losses.PolicyLoss.sum": {
            "value": 2.370756443568272,
            "min": 0.6709690985068695,
            "max": 2.370756443568272,
            "count": 17
        },
        "CollabRLCu_NoLearning.Losses.ValueLoss.mean": {
            "value": 0.14430556152406152,
            "min": 0.12534999964368096,
            "max": 0.14824440065946892,
            "count": 17
        },
        "CollabRLCu_NoLearning.Losses.ValueLoss.sum": {
            "value": 3.463333476577476,
            "min": 1.0377108046162824,
            "max": 3.463333476577476,
            "count": 17
        },
        "CollabRLCu_NoLearning.Policy.LearningRate.mean": {
            "value": 1.0401357045454547e-10,
            "min": 1.0401357045454547e-10,
            "max": 1.8096858181818182e-10,
            "count": 17
        },
        "CollabRLCu_NoLearning.Policy.LearningRate.sum": {
            "value": 2.496325690909091e-09,
            "min": 1.2667800727272727e-09,
            "max": 3.733337509090909e-09,
            "count": 17
        },
        "CollabRLCu_NoLearning.Policy.Epsilon.mean": {
            "value": 0.10044595227272728,
            "min": 0.10044595227272728,
            "max": 0.10899650909090909,
            "count": 17
        },
        "CollabRLCu_NoLearning.Policy.Epsilon.sum": {
            "value": 2.4107028545454545,
            "min": 0.7629755636363637,
            "max": 2.4107028545454545,
            "count": 17
        },
        "CollabRLCu_NoLearning.Policy.Beta.mean": {
            "value": 5.455063204545454e-05,
            "min": 5.455063204545454e-05,
            "max": 0.0009087512581818183,
            "count": 17
        },
        "CollabRLCu_NoLearning.Policy.Beta.sum": {
            "value": 0.0013092151690909089,
            "min": 0.0013092151690909089,
            "max": 0.018340046350909085,
            "count": 17
        },
        "CollabRLCu_NoLearning.Losses.CuriosityForwardLoss.mean": {
            "value": 0.022479631356057295,
            "min": 0.022479631356057295,
            "max": 0.023910402309960107,
            "count": 17
        },
        "CollabRLCu_NoLearning.Losses.CuriosityForwardLoss.sum": {
            "value": 0.5395111525453751,
            "min": 0.16488341843758414,
            "max": 0.5395111525453751,
            "count": 17
        },
        "CollabRLCu_NoLearning.Losses.CuriosityInverseLoss.mean": {
            "value": 0.02878433508498778,
            "min": 0.02439033621304981,
            "max": 0.03249007334584434,
            "count": 17
        },
        "CollabRLCu_NoLearning.Losses.CuriosityInverseLoss.sum": {
            "value": 0.6908240420397067,
            "min": 0.2035332056718812,
            "max": 0.6908240420397067,
            "count": 17
        },
        "CollabRLCu_NoLearning.IsTraining.mean": {
            "value": 1.0,
            "min": 1.0,
            "max": 1.0,
            "count": 17
        },
        "CollabRLCu_NoLearning.IsTraining.sum": {
            "value": 1.0,
            "min": 1.0,
            "max": 1.0,
            "count": 17
        }
    },
    "metadata": {
        "timer_format_version": "0.1.0",
        "start_time_seconds": "1696745897",
        "python_version": "3.9.18 (main, Sep 11 2023, 14:09:26) [MSC v.1916 64 bit (AMD64)]",
        "command_line_arguments": "C:\\Users\\dhh3hb\\Anaconda3\\envs\\ml-agents-230\\Scripts\\mlagents-learn config/FireAgent_NoLearning.yaml --run-id RL_Cu_Curriculum_ProgressBased_StaticOnly_NL --resume",
        "mlagents_version": "0.30.0",
        "mlagents_envs_version": "0.30.0",
        "communication_protocol_version": "1.5.0",
        "pytorch_version": "2.0.1",
        "numpy_version": "1.21.2",
        "end_time_seconds": "1696746880"
    },
    "total": 983.4523226,
    "count": 1,
    "self": 0.008228799999983494,
    "children": {
        "run_training.setup": {
            "total": 0.13605849999999986,
            "count": 1,
            "self": 0.13605849999999986
        },
        "TrainerController.start_learning": {
            "total": 983.3080353,
            "count": 1,
            "self": 1.175701599996728,
            "children": {
                "TrainerController._reset_env": {
                    "total": 25.147056999999997,
                    "count": 1,