{
    "name": "root",
    "metadata": {
        "timer_format_version": "0.1.0",
        "start_time_seconds": "1695774321",
        "python_version": "3.9.18 (main, Sep 11 2023, 14:09:26) [MSC v.1916 64 bit (AMD64)]",
        "command_line_arguments": "C:\\Users\\dhh3hb\\Anaconda3\\envs\\ml-agents-230\\Scripts\\mlagents-learn config/DynamicHallwayFireCollab.yaml --run-id CollabIL_10_01 --force",
        "mlagents_version": "0.30.0",
        "mlagents_envs_version": "0.30.0",
        "communication_protocol_version": "1.5.0",
        "pytorch_version": "2.0.1",
        "numpy_version": "1.23.3",
        "end_time_seconds": "1695774382"
    },
    "total": 60.5578517,
    "count": 1,
    "self": 0.02504170000000272,
    "children": {
        "run_training.setup": {
            "total": 0.09587700000000021,
            "count": 1,
            "self": 0.09587700000000021
        },
        "TrainerController.start_learning": {
            "total": 60.436932999999996,
            "count": 1,
            "self": 0.08345720000013301,
            "children": {
                "TrainerController._reset_env": {
                    "total": 9.284085399999999,
                    "count": 1,
                    "self": 6.2534575,
                    "children": {
                        "demo_to_buffer": {
                            "total": 3.030627899999999,
                            "count": 2,
                            "self": 0.00016069999999679396,
                            "children": {
                                "load_demonstration": {
                                    "total": 0.05747000000000213,
                                    "count": 2,
                                    "self": 0.05252960000000151,
                                    "children": {
                                        "read_file": {
                                            "total": 0.004940400000000622,
                                            "count": 2,
                                            "self": 0.004940400000000622
                                        }
                                    }
                                },
                                "make_demo_buffer": {
                                    "total": 2.9729972,
                                    "count": 2,
                                    "self": 0.4252067999999518,
                                    "children": {
                                        "steps_from_proto": {
                                            "total": 2.547790400000048,
                                            "count": 18836,
                                            "self": 1.283701100000231,
                                            "children": {
                                                "_process_rank_one_or_two_observation": {
                                                    "total": 1.2640892999998172,
                                                    "count": 75344,
                                                    "self": 1.2640892999998172
                                                }
                                            }
                                        }
                                    }
                                }
                            }
                        }
                    }
                },
                "TrainerController.advance": {
                    "total": 50.88367739999986,
                    "count": 2678,
                    "self": 0.03244899999988604,
                    "children": {
                        "env_step": {
                            "total": 50.851228399999975,
                            "count": 2678,
                            "self": 41.17888459999998,
                            "children": {
                                "SubprocessEnvManager._take_step": {
                                    "total": 9.638148799999982,
                                    "count": 2678,
                                    "self": 0.14684670000001177,
                                    "children": {
                                        "TorchPolicy.evaluate": {
                                            "total": 9.49130209999997,
                                            "count": 2678,
                                            "self": 9.49130209999997
                                        }
                                    }
                                },
                                "workers": {
                                    "total": 0.034195000000012854,
                                    "count": 2677,
                                    "self": 0.0,
                                    "children": {
                                        "worker_root": {
                                            "total": 47.723111999999965,
                                            "count": 2677,
                                            "is_parallel": true,
                                            "self": 19.337636099999973,
                                            "children": {
                                                "steps_from_proto": {
                                                    "total": 0.0007647000000003956,
                                                    "count": 1,
                                                    "is_parallel": true,
                                                    "self": 0.00023190000000017363,
                                                    "children": {
                                                        "_process_rank_one_or_two_observation": {
                                                            "total": 0.000532800000000222,
                                                            "count": 4,
                                                            "is_parallel": true,
                                                            "self": 0.000532800000000222
                                                        }
                                                    }
                                                },
                                                "UnityEnvironment.step": {
                                                    "total": 28.38471119999999,
                                                    "count": 2677,
                                                    "is_parallel": true,
                                                    "self": 0.4775091999999965,
                                                    "children": {
                                                        "UnityEnvironment._generate_step_input": {
                                                            "total": 0.32123729999998574,
                                                            "count": 2677,
                                                            "is_parallel": true,
                                                            "self": 0.32123729999998574
                                                        },
                                                        "communicator.exchange": {
                                                            "total": 26.19750839999999,
                                                            "count": 2677,
                                                            "is_parallel": true,
                                                            "self": 26.19750839999999
                                                        },
                                                        "steps_from_proto": {
                                                            "total": 1.3884563000000192,
                                                            "count": 2677,
                                                            "is_parallel": true,