{
    "name": "root",
    "gauges": {
        "PyramidsILNew.Policy.Entropy.mean": {
            "value": 0.3888324201107025,
            "min": 0.37523946166038513,
            "max": 0.7534111142158508,
            "count": 12
        },
        "PyramidsILNew.Policy.Entropy.sum": {
            "value": 19385.62890625,
            "min": 18816.0078125,
            "max": 38164.79296875,
            "count": 12
        },
        "PyramidsILNew.Step.mean": {
            "value": 599952.0,
            "min": 49958.0,
            "max": 599952.0,
            "count": 12
        },
        "PyramidsILNew.Step.sum": {
            "value": 599952.0,
            "min": 49958.0,
            "max": 599952.0,
            "count": 12
        },
        "PyramidsILNew.Policy.ExtrinsicValueEstimate.mean": {
            "value": 0.7119350433349609,
            "min": -0.09849991649389267,
            "max": 0.7119350433349609,
            "count": 12
        },
        "PyramidsILNew.Policy.ExtrinsicValueEstimate.sum": {
            "value": 338.8810729980469,
            "min": -39.49846649169922,
            "max": 338.8810729980469,
            "count": 12
        },
        "PyramidsILNew.Policy.GailValueEstimate.mean": {
            "value": 0.32170459628105164,
            "min": 0.25631117820739746,
            "max": 0.4892994463443756,
            "count": 12
        },
        "PyramidsILNew.Policy.GailValueEstimate.sum": {
            "value": 153.1313934326172,
            "min": 102.52447509765625,
            "max": 205.9950714111328,
            "count": 12
        },
        "PyramidsILNew.Losses.PolicyLoss.mean": {
            "value": 0.07050795009046042,
            "min": 0.06585174086444716,
            "max": 0.07285891338445556,
            "count": 12
        },
        "PyramidsILNew.Losses.PolicyLoss.sum": {
            "value": 1.6921908021710501,
            "min": 0.9963420444999045,
            "max": 1.7486139212269336,
            "count": 12
        },
        "PyramidsILNew.Losses.ValueLoss.mean": {
            "value": 0.013749740495566383,
            "min": 0.0031475349926027726,
            "max": 0.015417070750973996,
            "count": 12
        },
        "PyramidsILNew.Losses.ValueLoss.sum": {
            "value": 0.3299937718935932,
            "min": 0.0506847257800538,
            "max": 0.3700096980233759,
            "count": 12
        },
        "PyramidsILNew.Policy.LearningRate.mean": {
            "value": 0.0002827294357568566,
            "min": 0.0002827294357568566,
            "max": 0.00029916435456426286,
            "count": 12
        },
        "PyramidsILNew.Policy.LearningRate.sum": {
            "value": 0.0067855064581645586,
            "min": 0.00418830096389968,
            "max": 0.0070743279718906895,
            "count": 12
        },
        "PyramidsILNew.Policy.Epsilon.mean": {
            "value": 0.19424314333333337,
            "min": 0.19424314333333337,
            "max": 0.19972145142857148,
            "count": 12
        },
        "PyramidsILNew.Policy.Epsilon.sum": {
            "value": 4.661835440000001,
            "min": 2.7961003200000007,
            "max": 4.75810931,
            "count": 12
        },
        "PyramidsILNew.Policy.Beta.mean": {
            "value": 0.009424890019,
            "min": 0.009424890019,
            "max": 0.009972172997714286,
            "count": 12
        },
        "PyramidsILNew.Policy.Beta.sum": {
            "value": 0.226197360456,
            "min": 0.139610421968,
            "max": 0.235815120069,
            "count": 12
        },
        "PyramidsILNew.Policy.GAILPolicyEstimate.mean": {
            "value": 0.35305725938330096,
            "min": 0.2790517861834198,
            "max": 0.3762935004534496,
            "count": 12
        },
        "PyramidsILNew.Policy.GAILPolicyEstimate.sum": {
            "value": 8.473374225199223,
            "min": 4.251286167034088,
            "max": 9.024585344079956,
            "count": 12
        },
        "PyramidsILNew.Policy.GAILExpertEstimate.mean": {
            "value": 0.6615271011056999,
            "min": 0.6373798601645854,
            "max": 0.7129013973537494,
            "count": 12
        },
        "PyramidsILNew.Policy.GAILExpertEstimate.sum": {
            "value": 15.876650426536798,
            "min": 9.762978427062091,
            "max": 15.876650426536798,
            "count": 12
        },
        "PyramidsILNew.Losses.GAILLoss.mean": {
            "value": 0.9421396816356314,
            "min": 0.748061264951125,
            "max": 1.0118894276416135,
            "count": 12
        },
        "PyramidsILNew.Losses.GAILLoss.sum": {
            "value": 22.611352359255154,
            "min": 11.160606928742263,
            "max": 24.285346263398726,
            "count": 12
        },
        "PyramidsILNew.Policy.GAILGradMagLoss.mean": {
            "value": 0.05012021684120151,
            "min": 0.04555749450486878,
            "max": 0.5531027183755761,
            "count": 12
        },
        "PyramidsILNew.Policy.GAILGradMagLoss.sum": {
            "value": 1.2028852041888363,
            "min": 1.0933798681168507,
            "max": 7.743438057258065,
            "count": 12
        },
        "PyramidsILNew.Losses.PretrainingLoss.mean": {
            "value": 0.0,
            "min": 0.0,
            "max": 0.48259943128723803,
            "count": 12
        },
        "PyramidsILNew.Losses.PretrainingLoss.sum": {
            "value": 0.0,
            "min": 0.0,
            "max": 6.774986486404369,
            "count": 12
        },
        "PyramidsILNew.Environment.EpisodeLength.mean": {
            "value": 287.2105263157895,
            "min": 287.2105263157895,
            "max": 991.7916666666666,
            "count": 12
        },
        "PyramidsILNew.Environment.EpisodeLength.sum": {
            "value": 49113.0,
            "min": 46465.0,
            "max": 54029.0,
            "count": 12
        },
        "PyramidsILNew.Environment.CumulativeReward.mean": {
            "value": 1.7003682208411834,
            "min": -0.9510958852867285,
            "max": 1.7003682208411834,
            "count": 12
        },
        "PyramidsILNew.Environment.CumulativeReward.sum": {
            "value": 289.0625975430012,
            "min": -45.65260249376297,
            "max": 289.0625975430012,
            "count": 12
        },
        "PyramidsILNew.Policy.ExtrinsicReward.mean": {
            "value": 1.7003682208411834,
            "min": -0.9510958852867285,
            "max": 1.7003682208411834,
            "count": 12
        },
        "PyramidsILNew.Policy.ExtrinsicReward.sum": {
            "value": 289.0625975430012,
            "min": -45.65260249376297,
            "max": 289.0625975430012,
            "count": 12
        },
        "PyramidsILNew.Policy.GailReward.mean": {
            "value": 1.532687388281064,
            "min": 1.532687388281064,
            "max": 4.522833560282986,
            "count": 12
        },
        "PyramidsILNew.Policy.GailReward.sum": {
            "value": 260.5568560077809,
            "min": 178.473291143775,
            "max": 292.32143392041326,
            "count": 12
        },
        "PyramidsILNew.IsTraining.mean": {
            "value": 1.0,
            "min": 1.0,
            "max": 1.0,
            "count": 12
        },
        "PyramidsILNew.IsTraining.sum": {
            "value": 1.0,
            "min": 1.0,
            "max": 1.0,
            "count": 12
        }
    },
    "metadata": {
        "timer_format_version": "0.1.0",
        "start_time_seconds": "1695509087",
        "python_version": "3.9.18 (main, Sep 11 2023, 14:09:26) [MSC v.1916 64 bit (AMD64)]",
        "command_line_arguments": "C:\\Users\\dhh3hb\\Anaconda3\\envs\\ml-agents-230\\Scripts\\mlagents-learn D:\\GitHub\\MLAgents_2021\\config/Pyramids.yaml --run-id PyramidsCustom_IL_Test_05",