{
    "name": "root",
    "gauges": {
        "CollabRLCu_NoLearning.Policy.Entropy.mean": {
            "value": 0.17575114965438843,
            "min": 0.16794487833976746,
            "max": 0.19812636077404022,
            "count": 17
        },
        "CollabRLCu_NoLearning.Policy.Entropy.sum": {
            "value": 5064.4453125,
            "min": 2034.1484375,
            "max": 5893.0703125,
            "count": 17
        },
        "CollabRLCu_NoLearning.Environment.EpisodeLength.mean": {
            "value": 93.44336569579288,
            "min": 84.5530303030303,
            "max": 98.24662162162163,
            "count": 17
        },
        "CollabRLCu_NoLearning.Environment.EpisodeLength.sum": {
            "value": 28874.0,
            "min": 11161.0,
            "max": 31103.0,
            "count": 17
        },
        "CollabRLCu_NoLearning.Step.mean": {
            "value": 5489950.0,
            "min": 5009957.0,
            "max": 5489950.0,
            "count": 17
        },
        "CollabRLCu_NoLearning.Step.sum": {
            "value": 5489950.0,
            "min": 5009957.0,
            "max": 5489950.0,
            "count": 17
        },
        "CollabRLCu_NoLearning.Policy.ExtrinsicValueEstimate.mean": {
            "value": 3.178462028503418,
            "min": 3.178462028503418,
            "max": 3.3321423530578613,
            "count": 17
        },
        "CollabRLCu_NoLearning.Policy.ExtrinsicValueEstimate.sum": {
            "value": 1201.4586181640625,
            "min": 427.6524658203125,
            "max": 1273.205810546875,
            "count": 17
        },
        "CollabRLCu_NoLearning.Policy.CuriosityValueEstimate.mean": {
            "value": 0.04146105423569679,
            "min": 0.040063705295324326,
            "max": 0.04175766929984093,
            "count": 17
        },
        "CollabRLCu_NoLearning.Policy.CuriosityValueEstimate.sum": {
            "value": 15.67227840423584,
            "min": 5.30565071105957,
            "max": 15.921542167663574,
            "count": 17
        },
        "CollabRLCu_NoLearning.Environment.CumulativeReward.mean": {
            "value": 4.889462489448488,
            "min": 4.889462489448488,
            "max": 5.052063280551494,
            "count": 17
        },
        "CollabRLCu_NoLearning.Environment.CumulativeReward.sum": {
            "value": 1564.627996623516,
            "min": 574.5779983401299,
            "max": 1658.6259939968586,
            "count": 17
        },
        "CollabRLCu_NoLearning.Policy.ExtrinsicReward.mean": {
            "value": 4.889462489448488,
            "min": 4.889462489448488,
            "max": 5.052063280551494,
            "count": 17
        },
        "CollabRLCu_NoLearning.Policy.ExtrinsicReward.sum": {
            "value": 1564.627996623516,
            "min": 574.5779983401299,
            "max": 1658.6259939968586,
            "count": 17
        },
        "CollabRLCu_NoLearning.Policy.CuriosityReward.mean": {
            "value": 0.04955699225783974,
            "min": 0.04063589986325162,
            "max": 0.0539006542988601,
            "count": 17
        },
        "CollabRLCu_NoLearning.Policy.CuriosityReward.sum": {
            "value": 15.858237522508716,
            "min": 4.75440028400044,
            "max": 16.353629990582704,
            "count": 17
        },
        "CollabRLCu_NoLearning.Losses.PolicyLoss.mean": {
            "value": 0.09729361059344933,
            "min": 0.09467169562051642,
            "max": 0.09896544116963527,
            "count": 17
        },
        "CollabRLCu_NoLearning.Losses.PolicyLoss.sum": {
            "value": 1.8485786012755374,
            "min": 0.7701725208346482,
            "max": 2.0205432782378314,
            "count": 17
        },
        "CollabRLCu_NoLearning.Losses.ValueLoss.mean": {
            "value": 0.08457006865554821,
            "min": 0.07177463499170869,
            "max": 0.08895983659479106,
            "count": 17
        },
        "CollabRLCu_NoLearning.Losses.ValueLoss.sum": {
            "value": 1.6068313044554159,
            "min": 0.5741970799336695,
            "max": 1.703916447597495,
            "count": 17
        },
        "CollabRLCu_NoLearning.Policy.LearningRate.mean": {
            "value": 1.040781023923445e-10,
            "min": 1.040781023923445e-10,
            "max": 1.8095610454545457e-10,
            "count": 17
        },
        "CollabRLCu_NoLearning.Policy.LearningRate.sum": {
            "value": 1.9774839454545454e-09,
            "min": 1.4476488363636365e-09,
            "max": 3.5525687272727274e-09,
            "count": 17
        },
        "CollabRLCu_NoLearning.Policy.Epsilon.mean": {
            "value": 0.1004531224880383,
            "min": 0.1004531224880383,
            "max": 0.10899512272727274,
            "count": 17
        },
        "CollabRLCu_NoLearning.Policy.Epsilon.sum": {
            "value": 1.9086093272727276,
            "min": 0.8719609818181819,
            "max": 2.224224054545455,
            "count": 17
        },
        "CollabRLCu_NoLearning.Policy.Beta.mean": {
            "value": 5.526693655502394e-05,
            "min": 5.526693655502394e-05,
            "max": 0.0009086127604545455,
            "count": 17
        },
        "CollabRLCu_NoLearning.Policy.Beta.sum": {
            "value": 0.001050071794545455,
            "min": 0.001050071794545455,
            "max": 0.017433512872727274,
            "count": 17
        },
        "CollabRLCu_NoLearning.Losses.CuriosityForwardLoss.mean": {
            "value": 0.026468344321245674,
            "min": 0.026286512704183192,
            "max": 0.02723111688555189,
            "count": 17
        },
        "CollabRLCu_NoLearning.Losses.CuriosityForwardLoss.sum": {
            "value": 0.5028985421036678,
            "min": 0.21680559954535114,
            "max": 0.5694886410812945,
            "count": 17
        },
        "CollabRLCu_NoLearning.Losses.CuriosityInverseLoss.mean": {
            "value": 0.04271881081516848,
            "min": 0.03768655324301691,
            "max": 0.046169156087281484,
            "count": 17
        },
        "CollabRLCu_NoLearning.Losses.CuriosityInverseLoss.sum": {
            "value": 0.8116574054882011,
            "min": 0.3412814863943378,
            "max": 0.9129070945429655,
            "count": 17
        },
        "CollabRLCu_NoLearning.IsTraining.mean": {
            "value": 1.0,
            "min": 1.0,
            "max": 1.0,
            "count": 17
        },
        "CollabRLCu_NoLearning.IsTraining.sum": {
            "value": 1.0,
            "min": 1.0,
            "max": 1.0,
            "count": 17
        }
    },
    "metadata": {
        "timer_format_version": "0.1.0",
        "start_time_seconds": "1696740260",
        "python_version": "3.9.18 (main, Sep 11 2023, 14:09:26) [MSC v.1916 64 bit (AMD64)]",
        "command_line_arguments": "C:\\Users\\dhh3hb\\Anaconda3\\envs\\ml-agents-230\\Scripts\\mlagents-learn config/FireAgent_NoLearning.yaml --run-id RL_Cu_Curriculum_ProgressBased_DynamicOnly_NL --resume",
        "mlagents_version": "0.30.0",
        "mlagents_envs_version": "0.30.0",
        "communication_protocol_version": "1.5.0",
        "pytorch_version": "2.0.1",
        "numpy_version": "1.21.2",
        "end_time_seconds": "1696741249"
    },
    "total": 988.9612633,
    "count": 1,
    "self": 0.007983700000067984,
    "children": {
        "run_training.setup": {
            "total": 0.1263137999999997,
            "count": 1,
            "self": 0.1263137999999997
        },
        "TrainerController.start_learning": {
            "total": 988.8269657999999,
            "count": 1,
            "self": 1.1565393999941307,
            "children": {
                "TrainerController._reset_env": {
                    "total": 31.7418068,
                    "count": 1,
                    "self": 31.7418068
                },