{
    "name": "root",
    "gauges": {
        "CollabRLCu_NoLearning.Policy.Entropy.mean": {
            "value": 0.17515428364276886,
            "min": 0.17119331657886505,
            "max": 0.19014288485050201,
            "count": 17
        },
        "CollabRLCu_NoLearning.Policy.Entropy.sum": {
            "value": 5229.40625,
            "min": 1973.649658203125,
            "max": 5707.32861328125,
            "count": 17
        },
        "CollabRLCu_NoLearning.Environment.EpisodeLength.mean": {
            "value": 95.63311688311688,
            "min": 90.50152905198777,
            "max": 99.03300330033004,
            "count": 17
        },
        "CollabRLCu_NoLearning.Environment.EpisodeLength.sum": {
            "value": 29455.0,
            "min": 9919.0,
            "max": 30084.0,
            "count": 17
        },
        "CollabRLCu_NoLearning.Step.mean": {
            "value": 5489969.0,
            "min": 5009999.0,
            "max": 5489969.0,
            "count": 17
        },
        "CollabRLCu_NoLearning.Step.sum": {
            "value": 5489969.0,
            "min": 5009999.0,
            "max": 5489969.0,
            "count": 17
        },
        "CollabRLCu_NoLearning.Policy.ExtrinsicValueEstimate.mean": {
            "value": 3.3456900119781494,
            "min": 3.191220760345459,
            "max": 3.3456900119781494,
            "count": 17
        },
        "CollabRLCu_NoLearning.Policy.ExtrinsicValueEstimate.sum": {
            "value": 1237.9052734375,
            "min": 423.6759033203125,
            "max": 1245.9468994140625,
            "count": 17
        },
        "CollabRLCu_NoLearning.Environment.CumulativeReward.mean": {
            "value": 5.133461014790968,
            "min": 4.823234557553574,
            "max": 5.133461014790968,
            "count": 17
        },
        "CollabRLCu_NoLearning.Environment.CumulativeReward.sum": {
            "value": 1581.1059925556183,
            "min": 518.4699991941452,
            "max": 1622.4159943461418,
            "count": 17
        },
        "CollabRLCu_NoLearning.Policy.ExtrinsicReward.mean": {
            "value": 5.133461014790968,
            "min": 4.823234557553574,
            "max": 5.133461014790968,
            "count": 17
        },
        "CollabRLCu_NoLearning.Policy.ExtrinsicReward.sum": {
            "value": 1581.1059925556183,
            "min": 518.4699991941452,
            "max": 1622.4159943461418,
            "count": 17
        },
        "CollabRLCu_NoLearning.Losses.PolicyLoss.mean": {
            "value": 0.09511737126944432,
            "min": 0.09410677167792177,
            "max": 0.1005710072304104,
            "count": 17
        },
        "CollabRLCu_NoLearning.Losses.PolicyLoss.sum": {
            "value": 2.663286395544441,
            "min": 0.8847746054833645,
            "max": 2.9165592096819015,
            "count": 17
        },
        "CollabRLCu_NoLearning.Losses.ValueLoss.mean": {
            "value": 0.15404271389144483,
            "min": 0.15039945904038982,
            "max": 0.17678573505023662,
            "count": 17
        },
        "CollabRLCu_NoLearning.Losses.ValueLoss.sum": {
            "value": 4.313195988960455,
            "min": 1.5910716154521296,
            "max": 5.123534266499109,
            "count": 17
        },
        "CollabRLCu_NoLearning.Policy.LearningRate.mean": {
            "value": 1.0413278246753248e-10,
            "min": 1.0413278246753248e-10,
            "max": 1.8094201818181816e-10,
            "count": 17
        },
        "CollabRLCu_NoLearning.Policy.LearningRate.sum": {
            "value": 2.9157179090909094e-09,
            "min": 1.6284781636363635e-09,
            "max": 4.97438609090909e-09,
            "count": 17
        },
        "CollabRLCu_NoLearning.Policy.Epsilon.mean": {
            "value": 0.10045919805194806,
            "min": 0.10045919805194806,
            "max": 0.10899355757575759,
            "count": 17
        },
        "CollabRLCu_NoLearning.Policy.Epsilon.sum": {
            "value": 2.8128575454545457,
            "min": 0.9809420181818183,
            "max": 3.0415984545454546,
            "count": 17
        },
        "CollabRLCu_NoLearning.Policy.Beta.mean": {
            "value": 5.5873885389610334e-05,
            "min": 5.5873885389610334e-05,
            "max": 0.0009084564018181818,
            "count": 17
        },
        "CollabRLCu_NoLearning.Policy.Beta.sum": {
            "value": 0.0015644687909090894,
            "min": 0.0015644687909090894,
            "max": 0.024415685609090913,
            "count": 17
        },
        "CollabRLCu_NoLearning.IsTraining.mean": {
            "value": 1.0,
            "min": 1.0,
            "max": 1.0,
            "count": 17
        },
        "CollabRLCu_NoLearning.IsTraining.sum": {
            "value": 1.0,
            "min": 1.0,
            "max": 1.0,
            "count": 17
        }
    },
    "metadata": {
        "timer_format_version": "0.1.0",
        "start_time_seconds": "1696716541",
        "python_version": "3.9.18 (main, Sep 11 2023, 14:09:26) [MSC v.1916 64 bit (AMD64)]",
        "command_line_arguments": "C:\\Users\\dhh3hb\\Anaconda3\\envs\\ml-agents-230\\Scripts\\mlagents-learn config/FireAgent_NoLearning.yaml --run-id RL_Cu_Curriculum_ProgressBased_DynamicOnly_NL --resume",
        "mlagents_version": "0.30.0",
        "mlagents_envs_version": "0.30.0",
        "communication_protocol_version": "1.5.0",
        "pytorch_version": "2.0.1",
        "numpy_version": "1.23.3",
        "end_time_seconds": "1696717608"
    },
    "total": 1066.4200139,
    "count": 1,
    "self": 0.007644400000117457,
    "children": {
        "run_training.setup": {
            "total": 0.09297140000000015,
            "count": 1,
            "self": 0.09297140000000015
        },
        "TrainerController.start_learning": {
            "total": 1066.3193981,
            "count": 1,
            "self": 0.9915198999981385,
            "children": {
                "TrainerController._reset_env": {
                    "total": 18.6515635,
                    "count": 1,
                    "self": 18.6515635
                },
                "TrainerController.advance": {
                    "total": 1046.5861186000018,
                    "count": 35609,
                    "self": 0.432299399996964,
                    "children": {
                        "env_step": {
                            "total": 1046.1538192000048,
                            "count": 35609,
                            "self": 941.7586680999998,
                            "children": {
                                "SubprocessEnvManager._take_step": {
                                    "total": 103.93165450000575,
                                    "count": 35609,
                                    "self": 1.8790030000176046,
                                    "children": {
                                        "TorchPolicy.evaluate": {
                                            "total": 102.05265149998814,
                                            "count": 31326,
                                            "self": 102.05265149998814
                                        }
                                    }
                                },
                                "workers": {
                                    "total": 0.4634965999992957,
                                    "count": 35609,
                                    "self": 0.0,
                                    "children": {
                                        "worker_root": {
                                            "total": 1047.8616732999978,
                                            "count": 35609,
                                            "is_parallel": true,
                                            "self": 182.75956779998103,