{
    "name": "root",
    "metadata": {
        "timer_format_version": "0.1.0",
        "start_time_seconds": "1700556743",
        "python_version": "3.9.18 (main, Sep 11 2023, 14:09:26) [MSC v.1916 64 bit (AMD64)]",
        "command_line_arguments": "C:\\Users\\dhh3hb\\Anaconda3\\envs\\ml-agents-230\\Scripts\\mlagents-learn config/BasicNavigationJetbot.yaml --run-id BasicNavigationJetbot_empty_01 --force",
        "mlagents_version": "0.30.0",
        "mlagents_envs_version": "0.30.0",
        "communication_protocol_version": "1.5.0",
        "pytorch_version": "2.0.1",
        "numpy_version": "1.21.2",
        "end_time_seconds": "1700557067"
    },
    "total": 324.1018764,
    "count": 1,
    "self": 0.0067492999999672065,
    "children": {
        "run_training.setup": {
            "total": 0.11008419999999974,
            "count": 1,
            "self": 0.11008419999999974
        },
        "TrainerController.start_learning": {
            "total": 323.9850429,
            "count": 1,
            "self": 0.22969000000040296,
            "children": {
                "TrainerController._reset_env": {
                    "total": 29.1306803,
                    "count": 1,
                    "self": 29.1306803
                },
                "TrainerController.advance": {
                    "total": 294.4822434999996,
                    "count": 7909,
                    "self": 0.09780199999937622,
                    "children": {
                        "env_step": {
                            "total": 294.3844415000002,
                            "count": 7909,
                            "self": 265.11190719999956,
                            "children": {
                                "SubprocessEnvManager._take_step": {
                                    "total": 29.172772300000286,
                                    "count": 7909,
                                    "self": 0.48621640000074606,
                                    "children": {
                                        "TorchPolicy.evaluate": {
                                            "total": 28.68655589999954,
                                            "count": 7751,
                                            "self": 28.68655589999954
                                        }
                                    }
                                },
                                "workers": {
                                    "total": 0.09976200000036783,
                                    "count": 7908,
                                    "self": 0.0,
                                    "children": {
                                        "worker_root": {
                                            "total": 276.9563501000011,
                                            "count": 7908,
                                            "is_parallel": true,
                                            "self": 50.709211500001345,
                                            "children": {
                                                "steps_from_proto": {
                                                    "total": 0.0009270999999984042,
                                                    "count": 1,
                                                    "is_parallel": true,
                                                    "self": 0.00034999999999740794,
                                                    "children": {
                                                        "_process_rank_one_or_two_observation": {
                                                            "total": 0.0005771000000009963,
                                                            "count": 4,
                                                            "is_parallel": true,
                                                            "self": 0.0005771000000009963
                                                        }
                                                    }
                                                },
                                                "UnityEnvironment.step": {
                                                    "total": 226.24621149999973,
                                                    "count": 7908,
                                                    "is_parallel": true,
                                                    "self": 1.5507092000020748,
                                                    "children": {
                                                        "UnityEnvironment._generate_step_input": {
                                                            "total": 1.6406271999990487,
                                                            "count": 7908,
                                                            "is_parallel": true,
                                                            "self": 1.6406271999990487
                                                        },
                                                        "communicator.exchange": {
                                                            "total": 218.8528481999994,
                                                            "count": 7908,
                                                            "is_parallel": true,
                                                            "self": 218.8528481999994
                                                        },
                                                        "steps_from_proto": {
                                                            "total": 4.202026899999183,
                                                            "count": 7908,
                                                            "is_parallel": true,
                                                            "self": 1.3573380999974098,
                                                            "children": {
                                                                "_process_rank_one_or_two_observation": {
                                                                    "total": 2.844688800001773,
                                                                    "count": 31632,
                                                                    "is_parallel": true,
                                                                    "self": 2.844688800001773
                                                                }
                                                            }
                                                        }
                                                    }
                                                }
                                            }
                                        }
                                    }
                                }
                            }
                        }
                    }
                },
                "trainer_threads": {
                    "total": 2.8400000019246363e-05,
                    "count": 1,
                    "self": 2.8400000019246363e-05,
                    "children": {
                        "thread_root": {
                            "total": 0.0,
                            "count": 0,
                            "is_parallel": true,
                            "self": 0.0,
                            "children": {
                                "trainer_advance": {
                                    "total": 294.6046777000012,
                                    "count": 5631,
                                    "is_parallel": true,
                                    "self": 0.3453486000018984,
                                    "children": {
                                        "process_trajectory": {
                                            "total": 99.59866379999924,
                                            "count": 5631,