{
    "name": "root",
    "gauges": {
        "CollabRLCu.Policy.Entropy.mean": {
            "value": 0.21137645840644836,
            "min": 0.20140011608600616,
            "max": 1.4861681461334229,
            "count": 100
        },
        "CollabRLCu.Policy.Entropy.sum": {
            "value": 6349.7490234375,
            "min": 6069.39404296875,
            "max": 45762.08984375,
            "count": 100
        },
        "CollabRLCu.Environment.LessonNumber.room_count.mean": {
            "value": 0.0,
            "min": 0.0,
            "max": 0.0,
            "count": 100
        },
        "CollabRLCu.Environment.LessonNumber.room_count.sum": {
            "value": 0.0,
            "min": 0.0,
            "max": 0.0,
            "count": 100
        },
        "CollabRLCu.Environment.LessonNumber.should_randomize.mean": {
            "value": 0.0,
            "min": 0.0,
            "max": 0.0,
            "count": 100
        },
        "CollabRLCu.Environment.LessonNumber.should_randomize.sum": {
            "value": 0.0,
            "min": 0.0,
            "max": 0.0,
            "count": 100
        },
        "CollabRLCu.Step.mean": {
            "value": 2999996.0,
            "min": 29978.0,
            "max": 2999996.0,
            "count": 100
        },
        "CollabRLCu.Step.sum": {
            "value": 2999996.0,
            "min": 29978.0,
            "max": 2999996.0,
            "count": 100
        },
        "CollabRLCu.Policy.ExtrinsicValueEstimate.mean": {
            "value": 3.2437033653259277,
            "min": -0.18964867293834686,
            "max": 3.2800233364105225,
            "count": 100
        },
        "CollabRLCu.Policy.ExtrinsicValueEstimate.sum": {
            "value": 1164.489501953125,
            "min": -45.32603454589844,
            "max": 1196.561767578125,
            "count": 100
        },
        "CollabRLCu.Policy.CuriosityValueEstimate.mean": {
            "value": 0.0454869270324707,
            "min": 0.028443075716495514,
            "max": 0.3925091028213501,
            "count": 100
        },
        "CollabRLCu.Policy.CuriosityValueEstimate.sum": {
            "value": 16.32980728149414,
            "min": 10.011962890625,
            "max": 94.59469604492188,
            "count": 100
        },
        "CollabRLCu.Environment.EpisodeLength.mean": {
            "value": 104.47038327526133,
            "min": 96.00322580645161,
            "max": 497.1967213114754,
            "count": 100
        },
        "CollabRLCu.Environment.EpisodeLength.sum": {
            "value": 29983.0,
            "min": 28511.0,
            "max": 30904.0,
            "count": 100
        },
        "CollabRLCu.Losses.PolicyLoss.mean": {
            "value": 0.09601788118393127,
            "min": 0.09197854662527113,
            "max": 0.1043061405650222,
            "count": 100
        },
        "CollabRLCu.Losses.PolicyLoss.sum": {
            "value": 2.6885006731500756,
            "min": 2.4215758044227877,
            "max": 2.917936499619876,
            "count": 100
        },
        "CollabRLCu.Losses.ValueLoss.mean": {
            "value": 0.08547912947690914,
            "min": 0.0018584837010277781,
            "max": 0.08860804190672021,
            "count": 100
        },
        "CollabRLCu.Losses.ValueLoss.sum": {
            "value": 2.3934156253534558,
            "min": 0.04832057622672223,
            "max": 2.481025173388166,
            "count": 100
        },
        "CollabRLCu.Policy.LearningRate.mean": {
            "value": 1.4490638027261916e-06,
            "min": 1.4490638027261916e-06,
            "max": 0.00029840622553125825,
            "count": 100
        },
        "CollabRLCu.Policy.LearningRate.sum": {
            "value": 4.0573786476333365e-05,
            "min": 4.0573786476333365e-05,
            "max": 0.007978165740611434,
            "count": 100
        },
        "CollabRLCu.Policy.Epsilon.mean": {
            "value": 0.10048298809523808,
            "min": 0.10048298809523808,
            "max": 0.1994687416666667,
            "count": 100
        },
        "CollabRLCu.Policy.Epsilon.sum": {
            "value": 2.8135236666666663,
            "min": 2.8135236666666663,
            "max": 5.3593885666666665,
            "count": 100
        },
        "CollabRLCu.Policy.Beta.mean": {
            "value": 5.825051071428576e-05,
            "min": 5.825051071428576e-05,
            "max": 0.0099469272925,
            "count": 100
        },
        "CollabRLCu.Policy.Beta.sum": {
            "value": 0.0016310143000000013,
            "min": 0.0016310143000000013,
            "max": 0.26594291781,
            "count": 100
        },
        "CollabRLCu.Losses.CuriosityForwardLoss.mean": {
            "value": 0.0191856229210097,
            "min": 0.0191856229210097,
            "max": 0.29875604730414035,
            "count": 100
        },
        "CollabRLCu.Losses.CuriosityForwardLoss.sum": {
            "value": 0.5371974417882716,
            "min": 0.5371974417882716,
            "max": 7.170145135299368,
            "count": 100
        },
        "CollabRLCu.Losses.CuriosityInverseLoss.mean": {
            "value": 0.022609522763243146,
            "min": 0.019568764009980165,
            "max": 0.6378985650499444,
            "count": 100
        },
        "CollabRLCu.Losses.CuriosityInverseLoss.sum": {
            "value": 0.633066637370808,
            "min": 0.5479253922794446,
            "max": 15.309565561198665,
            "count": 100
        },
        "CollabRLCu.Environment.CumulativeReward.mean": {
            "value": 4.994013961013797,
            "min": -0.9274351013413931,
            "max": 5.047459057535566,
            "count": 100
        },
        "CollabRLCu.Environment.CumulativeReward.sum": {
            "value": 1428.287992849946,
            "min": -54.71867097914219,
            "max": 1530.3126627653837,
            "count": 100
        },
        "CollabRLCu.Policy.ExtrinsicReward.mean": {
            "value": 4.994013961013797,
            "min": -0.9274351013413931,
            "max": 5.047459057535566,
            "count": 100
        },
        "CollabRLCu.Policy.ExtrinsicReward.sum": {
            "value": 1428.287992849946,
            "min": -54.71867097914219,
            "max": 1530.3126627653837,
            "count": 100
        },
        "CollabRLCu.Policy.CuriosityReward.mean": {
            "value": 0.041692287933347595,
            "min": 0.04037321319687571,
            "max": 2.6325110346078873,
            "count": 100
        },
        "CollabRLCu.Policy.CuriosityReward.sum": {
            "value": 11.923994348937413,
            "min": 11.923994348937413,
            "max": 155.31815104186535,
            "count": 100
        },
        "CollabRLCu.IsTraining.mean": {
            "value": 1.0,
            "min": 1.0,
            "max": 1.0,
            "count": 100
        },
        "CollabRLCu.IsTraining.sum": {
            "value": 1.0,
            "min": 1.0,
            "max": 1.0,
            "count": 100
        }
    },
    "metadata": {
        "timer_format_version": "0.1.0",
        "start_time_seconds": "1703753703",
        "python_version": "3.9.18 (main, Sep 11 2023, 14:09:26) [MSC v.1916 64 bit (AMD64)]",
        "command_line_arguments": "C:\\Users\\dhh3hb\\Anaconda3\\envs\\ml-agents-230\\Scripts\\mlagents-learn config/FireAgent_NoCurriculum_RLCu.yaml --run-id RLCu_3M --force",
        "mlagents_version": "0.30.0",
        "mlagents_envs_version": "0.30.0",
        "communication_protocol_version": "1.5.0",
        "pytorch_version": "2.0.1",
        "numpy_version": "1.23.3",
        "end_time_seconds": "1703760865"
    },
    "total": 7162.2748172,
    "count": 1,
    "self": 0.009789099999579776,
    "children": {
        "run_training.setup": {
            "total": 0.10199300000000022,
            "count": 1,
            "self": 0.10199300000000022
        },