{
    "name": "root",
    "metadata": {
        "timer_format_version": "0.1.0",
        "start_time_seconds": "1695582015",
        "python_version": "3.9.18 (main, Sep 11 2023, 14:09:26) [MSC v.1916 64 bit (AMD64)]",
        "command_line_arguments": "C:\\Users\\dhh3hb\\Anaconda3\\envs\\ml-agents-230\\Scripts\\mlagents-learn D:\\GitHub\\MLAgents_2021\\config/DynamicHallwayFireCollab.yaml --run-id Collab_RL_01",
        "mlagents_version": "0.30.0",
        "mlagents_envs_version": "0.30.0",
        "communication_protocol_version": "1.5.0",
        "pytorch_version": "2.0.1",
        "numpy_version": "1.21.2",
        "end_time_seconds": "1695583269"
    },
    "total": 1254.6162545999998,
    "count": 1,
    "self": 0.010930499999631138,
    "children": {
        "run_training.setup": {
            "total": 0.12072799999999972,
            "count": 1,
            "self": 0.12072799999999972
        },
        "TrainerController.start_learning": {
            "total": 1254.4845961,
            "count": 1,
            "self": 2.1164625999961117,
            "children": {
                "TrainerController._reset_env": {
                    "total": 49.3647717,
                    "count": 1,
                    "self": 49.3647717
                },
                "TrainerController.advance": {
                    "total": 1202.8523688000041,
                    "count": 73813,
                    "self": 0.9143299999971077,
                    "children": {
                        "env_step": {
                            "total": 1201.938038800007,
                            "count": 73813,
                            "self": 920.3934939999626,
                            "children": {
                                "SubprocessEnvManager._take_step": {
                                    "total": 280.52941440002576,
                                    "count": 73813,
                                    "self": 4.314030100005709,
                                    "children": {
                                        "TorchPolicy.evaluate": {
                                            "total": 276.21538430002005,
                                            "count": 68562,
                                            "self": 276.21538430002005
                                        }
                                    }
                                },
                                "workers": {
                                    "total": 1.0151304000186911,
                                    "count": 73812,
                                    "self": 0.0,
                                    "children": {
                                        "worker_root": {
                                            "total": 1140.8018998999983,
                                            "count": 73812,
                                            "is_parallel": true,
                                            "self": 509.89211589998354,
                                            "children": {
                                                "steps_from_proto": {
                                                    "total": 0.000754400000005262,
                                                    "count": 1,
                                                    "is_parallel": true,
                                                    "self": 0.00024260000001419257,
                                                    "children": {
                                                        "_process_rank_one_or_two_observation": {
                                                            "total": 0.0005117999999910694,
                                                            "count": 4,
                                                            "is_parallel": true,
                                                            "self": 0.0005117999999910694
                                                        }
                                                    }
                                                },
                                                "UnityEnvironment.step": {
                                                    "total": 630.9090296000147,
                                                    "count": 73812,
                                                    "is_parallel": true,
                                                    "self": 9.874288400027467,
                                                    "children": {
                                                        "UnityEnvironment._generate_step_input": {
                                                            "total": 9.62554789999814,
                                                            "count": 73812,
                                                            "is_parallel": true,
                                                            "self": 9.62554789999814
                                                        },
                                                        "communicator.exchange": {
                                                            "total": 583.9235135999862,
                                                            "count": 73812,
                                                            "is_parallel": true,
                                                            "self": 583.9235135999862
                                                        },
                                                        "steps_from_proto": {
                                                            "total": 27.485679700002784,
                                                            "count": 73812,
                                                            "is_parallel": true,
                                                            "self": 11.207064199992772,
                                                            "children": {
                                                                "_process_rank_one_or_two_observation": {
                                                                    "total": 16.278615500010012,
                                                                    "count": 295248,
                                                                    "is_parallel": true,
                                                                    "self": 16.278615500010012
                                                                }
                                                            }
                                                        }
                                                    }
                                                }
                                            }
                                        }
                                    }
                                }
                            }
                        }
                    }
                },
                "TrainerController._save_models": {
                    "total": 0.1509929999999713,
                    "count": 1,
                    "self": 0.03396229999998468,
                    "children": {
                        "RLTrainer._checkpoint": {
                            "total": 0.11703069999998661,
                            "count": 1,
                            "self": 0.11703069999998661
                        }
                    }
                }
            }
        }
    }
}