{
    "name": "root",
    "gauges": {
        "CollabRLCu_Curriculum.Policy.Entropy.mean": {
            "value": 0.12786802649497986,
            "min": 0.12786802649497986,
            "max": 1.5151389837265015,
            "count": 166
        },
        "CollabRLCu_Curriculum.Policy.Entropy.sum": {
            "value": 3826.834228515625,
            "min": 3826.834228515625,
            "max": 46799.61328125,
            "count": 166
        },
        "CollabRLCu_Curriculum.Environment.LessonNumber.room_count.mean": {
            "value": 4.0,
            "min": 0.0,
            "max": 4.0,
            "count": 166
        },
        "CollabRLCu_Curriculum.Environment.LessonNumber.room_count.sum": {
            "value": 4.0,
            "min": 0.0,
            "max": 4.0,
            "count": 166
        },
        "CollabRLCu_Curriculum.Environment.LessonNumber.should_randomize.mean": {
            "value": 8.0,
            "min": 0.0,
            "max": 8.0,
            "count": 166
        },
        "CollabRLCu_Curriculum.Environment.LessonNumber.should_randomize.sum": {
            "value": 8.0,
            "min": 0.0,
            "max": 8.0,
            "count": 166
        },
        "CollabRLCu_Curriculum.Step.mean": {
            "value": 4979950.0,
            "min": 29962.0,
            "max": 4979950.0,
            "count": 166
        },
        "CollabRLCu_Curriculum.Step.sum": {
            "value": 4979950.0,
            "min": 29962.0,
            "max": 4979950.0,
            "count": 166
        },
        "CollabRLCu_Curriculum.Policy.ExtrinsicValueEstimate.mean": {
            "value": 3.223644733428955,
            "min": 0.052855756133794785,
            "max": 3.9139468669891357,
            "count": 166
        },
        "CollabRLCu_Curriculum.Policy.ExtrinsicValueEstimate.sum": {
            "value": 1163.7357177734375,
            "min": 13.108227729797363,
            "max": 2097.87548828125,
            "count": 166
        },
        "CollabRLCu_Curriculum.Policy.CuriosityValueEstimate.mean": {
            "value": 0.026743225753307343,
            "min": -0.00703471340239048,
            "max": 0.4759082496166229,
            "count": 166
        },
        "CollabRLCu_Curriculum.Policy.CuriosityValueEstimate.sum": {
            "value": 9.654304504394531,
            "min": -2.2651777267456055,
            "max": 182.27285766601562,
            "count": 166
        },
        "CollabRLCu_Curriculum.Environment.EpisodeLength.mean": {
            "value": 93.88607594936708,
            "min": 55.49245283018868,
            "max": 450.10769230769233,
            "count": 166
        },
        "CollabRLCu_Curriculum.Environment.EpisodeLength.sum": {
            "value": 29668.0,
            "min": 28399.0,
            "max": 30806.0,
            "count": 166
        },
        "CollabRLCu_Curriculum.Losses.PolicyLoss.mean": {
            "value": 0.09704764457973057,
            "min": 0.0911903012689762,
            "max": 0.10952787577201996,
            "count": 166
        },
        "CollabRLCu_Curriculum.Losses.PolicyLoss.sum": {
            "value": 2.717334048232456,
            "min": 2.1592211456995583,
            "max": 3.066780521616559,
            "count": 166
        },
        "CollabRLCu_Curriculum.Losses.ValueLoss.mean": {
            "value": 0.07732521061650517,
            "min": 0.012615004902433457,
            "max": 0.08797835675361684,
            "count": 166
        },
        "CollabRLCu_Curriculum.Losses.ValueLoss.sum": {
            "value": 2.1651058972621446,
            "min": 0.2649151029511026,
            "max": 2.4633939891012715,
            "count": 166
        },
        "CollabRLCu_Curriculum.Policy.LearningRate.mean": {
            "value": 2.127000719604288e-06,
            "min": 2.127000719604288e-06,
            "max": 0.000299032108894059,
            "count": 166
        },
        "CollabRLCu_Curriculum.Policy.LearningRate.sum": {
            "value": 5.955602014892006e-05,
            "min": 5.955602014892006e-05,
            "max": 0.0084651558782814,
            "count": 166
        },
        "CollabRLCu_Curriculum.Policy.Epsilon.mean": {
            "value": 0.10070896714285715,
            "min": 0.10070896714285715,
            "max": 0.19967736952380954,
            "count": 166
        },
        "CollabRLCu_Curriculum.Policy.Epsilon.sum": {
            "value": 2.8198510800000003,
            "min": 2.8198510800000003,
            "max": 5.721718600000001,
            "count": 166
        },
        "CollabRLCu_Curriculum.Policy.Beta.mean": {
            "value": 8.082581757142863e-05,
            "min": 8.082581757142863e-05,
            "max": 0.00996776921542857,
            "count": 166
        },
        "CollabRLCu_Curriculum.Policy.Beta.sum": {
            "value": 0.002263122892000002,
            "min": 0.002263122892000002,
            "max": 0.28217968814,
            "count": 166
        },
        "CollabRLCu_Curriculum.Losses.CuriosityForwardLoss.mean": {
            "value": 0.016190991936028475,
            "min": 0.015092896044056852,
            "max": 0.3054921572323435,
            "count": 166
        },
        "CollabRLCu_Curriculum.Losses.CuriosityForwardLoss.sum": {
            "value": 0.4533477742087973,
            "min": 0.42260108923359185,
            "max": 6.415335301879214,
            "count": 166
        },
        "CollabRLCu_Curriculum.Losses.CuriosityInverseLoss.mean": {
            "value": 0.013621852842836388,
            "min": 0.013242354609567663,
            "max": 0.6226147748099489,
            "count": 166
        },
        "CollabRLCu_Curriculum.Losses.CuriosityInverseLoss.sum": {
            "value": 0.38141187959941886,
            "min": 0.3575435744583269,
            "max": 13.074910271008926,
            "count": 166
        },
        "CollabRLCu_Curriculum.Environment.CumulativeReward.mean": {
            "value": 4.982835432868215,
            "min": -0.31697954948131857,
            "max": 5.10977693333067,
            "count": 166
        },
        "CollabRLCu_Curriculum.Environment.CumulativeReward.sum": {
            "value": 1574.575996786356,
            "min": -20.603670716285706,
            "max": 2703.071997731924,
            "count": 166
        },
        "CollabRLCu_Curriculum.Policy.ExtrinsicReward.mean": {
            "value": 4.982835432868215,
            "min": -0.31697954948131857,
            "max": 5.10977693333067,
            "count": 166
        },
        "CollabRLCu_Curriculum.Policy.ExtrinsicReward.sum": {
            "value": 1574.575996786356,
            "min": -20.603670716285706,
            "max": 2703.071997731924,
            "count": 166
        },
        "CollabRLCu_Curriculum.Policy.CuriosityReward.mean": {
            "value": 0.03243451010498172,
            "min": 0.030532910605032087,
            "max": 2.4235058036561195,
            "count": 166
        },
        "CollabRLCu_Curriculum.Policy.CuriosityReward.sum": {
            "value": 10.249305193174223,
            "min": 9.404136466349883,
            "max": 157.52787723764777,
            "count": 166
        },
        "CollabRLCu_Curriculum.IsTraining.mean": {
            "value": 1.0,
            "min": 1.0,
            "max": 1.0,
            "count": 166
        },
        "CollabRLCu_Curriculum.IsTraining.sum": {
            "value": 1.0,
            "min": 1.0,
            "max": 1.0,
            "count": 166
        }
    },
    "metadata": {
        "timer_format_version": "0.1.0",
        "start_time_seconds": "1695963077",
        "python_version": "3.9.18 (main, Sep 11 2023, 14:09:26) [MSC v.1916 64 bit (AMD64)]",
        "command_line_arguments": "C:\\Users\\dhh3hb\\Anaconda3\\envs\\ml-agents-230\\Scripts\\mlagents-learn D:\\GitHub\\MLAgents_2021\\config/FireAgent_Curriculum_ProgressBased.yaml --run-id RL_Cu_Curriculum_ProgressBased_01 --force",