{"count":1,"self":72.7549248,"total":76.146225,"children":{"InitializeActuators":{"count":1,"self":0.00099739999999999985,"total":0.00099739999999999985,"children":null},"InitializeSensors":{"count":1,"self":0.0049867999999999996,"total":0.0049867999999999996,"children":null},"AgentSendState":{"count":3366,"self":0.0170351,"total":3.3210503,"children":{"GridSensor.Update":{"count":674,"self":3.15428,"total":3.1542798999999997,"children":null},"CollectObservations":{"count":674,"self":0.0009973,"total":0.0009973,"children":null},"WriteActionMask":{"count":674,"self":0.00099739999999999985,"total":0.00099739999999999985,"children":null},"RequestDecision":{"count":674,"self":0.0039724999999999995,"total":0.1477406,"children":{"GridSensor.GetCompressedObservation":{"count":674,"self":0.14376809999999998,"total":0.14376809999999998,"children":null}}}}},"DecideAction":{"count":3366,"self":0.0163882,"total":0.0163882,"children":null},"AgentAct":{"count":3366,"self":0.046879399999999995,"total":0.046879399999999995,"children":null}},"gauges":{},"metadata":{"timer_format_version":"0.1.0","start_time_seconds":"1700452540","unity_version":"2021.3.12f1","command_line_arguments":"D:\\Unity Hub\\Editor\\Unity.exe -projectpath D:\\GitHub\\MLAgents_2021 -useHub -hubIPC -cloudEnvironment production","communication_protocol_version":"1.5.0","com.unity.ml-agents_version":"2.3.0-exp.3","scene_name":"Lab - Basic Navigation","end_time_seconds":"1700452616"}}