{"count":1,"self":57.6384384,"total":57.718748299999994,"children":{"InitializeActuators":{"count":1,"self":0.0019428,"total":0.0019428,"children":null},"InitializeSensors":{"count":1,"self":0.0029917,"total":0.0029917,"children":null},"AgentSendState":{"count":2585,"self":0.0413717,"total":0.0508614,"children":{"CollectObservations":{"count":517,"self":0.00099739999999999985,"total":0.00099739999999999985,"children":null},"WriteActionMask":{"count":517,"self":0.00099739999999999985,"total":0.00099739999999999985,"children":null},"RequestDecision":{"count":517,"self":0.0020042,"total":0.0074949,"children":{"RayPerceptionSensor.Perceive":{"count":517,"self":0.0054906999999999994,"total":0.0054906999999999994,"children":null}}}}},"DecideAction":{"count":2585,"self":0.0095592,"total":0.0095592,"children":null},"AgentAct":{"count":2585,"self":0.013954399999999999,"total":0.013954399999999999,"children":null}},"gauges":{},"metadata":{"timer_format_version":"0.1.0","start_time_seconds":"1700555579","unity_version":"2021.3.12f1","command_line_arguments":"D:\\Unity Hub\\Editor\\Unity.exe -projectpath D:\\GitHub\\MLAgents_2021 -useHub -hubIPC -cloudEnvironment production","communication_protocol_version":"1.5.0","com.unity.ml-agents_version":"2.3.0-exp.3","scene_name":"Lab - Basic Navigation","end_time_seconds":"1700555637"}}