{"count":1,"self":74.800697599999992,"total":74.890905899999993,"children":{"InitializeActuators":{"count":1,"self":0.0019974999999999997,"total":0.0019974999999999997,"children":null},"InitializeSensors":{"count":1,"self":0.0009972,"total":0.0009972,"children":null},"AgentSendState":{"count":3505,"self":0.013033099999999999,"total":0.0180198,"children":{"CollectObservations":{"count":701,"self":0.002992,"total":0.002992,"children":null},"WriteActionMask":{"count":701,"self":0.00099739999999999985,"total":0.00099739999999999985,"children":null},"RequestDecision":{"count":701,"self":0.0009973,"total":0.0009973,"children":null}}},"DecideAction":{"count":3505,"self":0.010925299999999999,"total":0.010925299999999999,"children":null},"AgentAct":{"count":3505,"self":0.057273899999999996,"total":0.057273899999999996,"children":null}},"gauges":{"jetbot.CumulativeReward":{"count":1,"max":-0.9999696,"min":-0.9999696,"runningAverage":-0.9999696,"value":-0.9999696,"weightedAverage":-0.9999696}},"metadata":{"timer_format_version":"0.1.0","start_time_seconds":"1699568923","unity_version":"2021.3.12f1","command_line_arguments":"D:\\Unity Hub\\Editor\\Unity.exe -projectpath D:\\GitHub\\MLAgents_2021 -useHub -hubIPC -cloudEnvironment production","communication_protocol_version":"1.5.0","com.unity.ml-agents_version":"2.3.0-exp.3","scene_name":"Lab","end_time_seconds":"1699568998"}}