{"count":1,"self":111.0465152,"total":111.14025219999999,"children":{"InitializeActuators":{"count":1,"self":0.0019936999999999997,"total":0.0019936999999999997,"children":null},"InitializeSensors":{"count":1,"self":0.001995,"total":0.001995,"children":null},"AgentSendState":{"count":5320,"self":0.0139528,"total":0.023927399999999998,"children":{"CollectObservations":{"count":1064,"self":0.0059847999999999993,"total":0.0059847999999999993,"children":null},"WriteActionMask":{"count":1064,"self":0.0009977,"total":0.0009977,"children":null},"RequestDecision":{"count":1064,"self":0.0029920999999999997,"total":0.0029920999999999997,"children":null}}},"DecideAction":{"count":5320,"self":0.0199575,"total":0.0199575,"children":null},"AgentAct":{"count":5320,"self":0.044863799999999995,"total":0.044863799999999995,"children":null}},"gauges":{"jetbot.CumulativeReward":{"count":1,"max":-0.9999696,"min":-0.9999696,"runningAverage":-0.9999696,"value":-0.9999696,"weightedAverage":-0.9999696}},"metadata":{"timer_format_version":"0.1.0","start_time_seconds":"1699509229","unity_version":"2021.3.12f1","command_line_arguments":"D:\\Unity Hub\\Editor\\Unity.exe -projectpath D:\\GitHub\\MLAgents_2021 -useHub -hubIPC -cloudEnvironment production","communication_protocol_version":"1.5.0","com.unity.ml-agents_version":"2.3.0-exp.3","scene_name":"Lab","end_time_seconds":"1699509341"}}