{"count":1,"self":20.389057599999997,"total":22.007863699999998,"children":{"InitializeActuators":{"count":1,"self":0.0019947,"total":0.0019947,"children":null},"InitializeSensors":{"count":1,"self":0.0039892999999999994,"total":0.0039892999999999994,"children":null},"AgentSendState":{"count":55467,"self":1.188347,"total":1.3688517,"children":{"CollectObservations":{"count":11094,"self":0.014962099999999999,"total":0.014962099999999999,"children":null},"WriteActionMask":{"count":11094,"self":0.0071833,"total":0.0071833,"children":null},"RequestDecision":{"count":11094,"self":0.0457802,"total":0.0891093,"children":{"RayPerceptionSensor.Perceive":{"count":33282,"self":0.043329099999999995,"total":0.043329099999999995,"children":null}}},"RayPerceptionSensor.Perceive":{"count":33270,"self":0.069249999999999992,"total":0.069249999999999992,"children":null}}},"DecideAction":{"count":55467,"self":0.0873654,"total":0.0873654,"children":null},"AgentAct":{"count":55467,"self":0.1566057,"total":0.1566057,"children":{"RayPerceptionSensor.Perceive":{"count":66,"self":0,"total":0,"children":null}}}},"gauges":{"Pyramids.CumulativeReward":{"count":11,"max":-0.99994123,"min":-0.99994123,"runningAverage":-0.99994123,"value":-0.99994123,"weightedAverage":-0.99994123}},"metadata":{"timer_format_version":"0.1.0","start_time_seconds":"1695461621","unity_version":"2021.3.12f1","command_line_arguments":"D:\\Unity Hub\\Editor\\Unity.exe -projectpath D:\\GitHub\\MLAgents_2021 -useHub -hubIPC -cloudEnvironment production","communication_protocol_version":"1.5.0","com.unity.ml-agents_version":"2.3.0-exp.3","scene_name":"Pyramids Demo","end_time_seconds":"1695461643"}}