{"count":1,"self":868.36981759999992,"total":897.91318649999994,"children":{"InitializeActuators":{"count":16,"self":0.0019947999999999997,"total":0.0019947999999999997,"children":null},"InitializeSensors":{"count":16,"self":0.0019944999999999997,"total":0.0019944999999999997,"children":null},"AgentSendState":{"count":44385,"self":11.150656,"total":11.817314699999999,"children":{"CollectObservations":{"count":142032,"self":0.2523369,"total":0.2523369,"children":null},"WriteActionMask":{"count":142032,"self":0.14306729999999998,"total":0.14306729999999998,"children":null},"RequestDecision":{"count":142032,"self":0.2712541,"total":0.2712541,"children":null}}},"DecideAction":{"count":44385,"self":12.8867712,"total":15.3339346,"children":{"RayPerceptionSensor.Perceive":{"count":426096,"self":2.4471634,"total":2.4471634,"children":null}}},"AgentAct":{"count":44385,"self":2.3871808,"total":2.3871808999999997,"children":null}},"gauges":{"PyramidsILCustom.CumulativeReward":{"count":748,"max":1.95240009,"min":-0.99994123,"runningAverage":1.78836942,"value":1.91379964,"weightedAverage":1.7778244}},"metadata":{"timer_format_version":"0.1.0","start_time_seconds":"1695676542","unity_version":"2021.3.12f1","command_line_arguments":"D:\\Unity Hub\\Editor\\Unity.exe -projectpath D:\\GitHub\\MLAgents_2021 -useHub -hubIPC -cloudEnvironment production","communication_protocol_version":"1.5.0","com.unity.ml-agents_version":"2.3.0-exp.3","scene_name":"Pyramids IL","end_time_seconds":"1695677440"}}