{"count":1,"self":456.2427904,"total":1814.7752702999999,"children":{"InitializeActuators":{"count":16,"self":0.0019947,"total":0.0019947,"children":null},"InitializeSensors":{"count":16,"self":0.0019947,"total":0.0019947,"children":null},"AgentSendState":{"count":268434,"self":56.9557952,"total":80.6270274,"children":{"CollectObservations":{"count":858992,"self":1.1746978,"total":1.1746978,"children":null},"WriteActionMask":{"count":858992,"self":0.6632253,"total":0.6632253,"children":null},"RequestDecision":{"count":858992,"self":2.5022051999999997,"total":21.8333101,"children":{"AgentInfo.ToProto":{"count":858992,"self":1.8963113999999999,"total":19.331105,"children":{"GenerateSensorData":{"count":858992,"self":12.1442032,"total":17.4347936,"children":{"RayPerceptionSensor.Perceive":{"count":2576976,"self":5.2905904,"total":5.2905903,"children":null}}}}}}}}},"DecideAction":{"count":268434,"self":1268.4118016,"total":1268.4118332,"children":null},"AgentAct":{"count":268434,"self":9.437692,"total":9.4471819,"children":{"AgentInfo.ToProto":{"count":340,"self":0.0029920999999999997,"total":0.009489899999999999,"children":{"GenerateSensorData":{"count":340,"self":0.004503,"total":0.0064978,"children":{"RayPerceptionSensor.Perceive":{"count":1020,"self":0.0019947999999999997,"total":0.0019947999999999997,"children":null}}}}}}},"AgentInfo.ToProto":{"count":1129,"self":0.0099715999999999989,"total":0.0424277,"children":{"GenerateSensorData":{"count":1129,"self":0.023478199999999998,"total":0.0324561,"children":{"RayPerceptionSensor.Perceive":{"count":3387,"self":0.0089778999999999987,"total":0.0089778999999999987,"children":null}}}}}},"gauges":{"PyramidsILCustom.CumulativeReward":{"count":1469,"max":1.93980014,"min":-0.99994123,"runningAverage":0.9555851,"value":1.78679752,"weightedAverage":1.5218327}},"metadata":{"timer_format_version":"0.1.0","start_time_seconds":"1695513775","unity_version":"2021.3.12f1","command_line_arguments":"D:\\Unity Hub\\Editor\\Unity.exe -projectpath D:\\GitHub\\MLAgents_2021 -useHub -hubIPC -cloudEnvironment production","communication_protocol_version":"1.5.0","com.unity.ml-agents_version":"2.3.0-exp.3","scene_name":"Pyramids IL","end_time_seconds":"1695515590"}}