{"count":1,"self":317.810816,"total":323.9047483,"children":{"InitializeActuators":{"count":1,"self":0.0019944,"total":0.0019944,"children":null},"InitializeSensors":{"count":1,"self":0.0019949,"total":0.0019949,"children":null},"AgentSendState":{"count":15848,"self":0.29028699999999996,"total":0.3325856,"children":{"CollectObservations":{"count":3170,"self":0.0059009,"total":0.0059009,"children":null},"WriteActionMask":{"count":3170,"self":0.0059803999999999994,"total":0.0059803999999999994,"children":null},"RequestDecision":{"count":3170,"self":0.030417299999999998,"total":0.030417299999999998,"children":null}}},"DecideAction":{"count":15848,"self":4.6637043999999994,"total":5.6125447,"children":{"RayPerceptionSensor.Perceive":{"count":9510,"self":0.94884039999999992,"total":0.94884039999999992,"children":null}}},"AgentAct":{"count":15848,"self":0.1448209,"total":0.1448209,"children":null}},"gauges":{"PyramidsILCustom.CumulativeReward":{"count":3,"max":-0.99994123,"min":-0.99994123,"runningAverage":-0.99994123,"value":-0.99994123,"weightedAverage":-0.99994123}},"metadata":{"timer_format_version":"0.1.0","start_time_seconds":"1695506086","unity_version":"2021.3.12f1","command_line_arguments":"D:\\Unity Hub\\Editor\\Unity.exe -projectpath D:\\GitHub\\MLAgents_2021 -useHub -hubIPC -cloudEnvironment production","communication_protocol_version":"1.5.0","com.unity.ml-agents_version":"2.3.0-exp.3","scene_name":"Pyramids Test","end_time_seconds":"1695506410"}}