{"count":1,"self":68.7478656,"total":71.8284181,"children":{"InitializeActuators":{"count":8,"self":0.0030656999999999998,"total":0.0030656999999999998,"children":null},"InitializeSensors":{"count":8,"self":0.0025044999999999998,"total":0.0025044999999999998,"children":null},"AgentSendState":{"count":3311,"self":0.0291172,"total":0.19312569999999998,"children":{"CollectObservations":{"count":5304,"self":0.1031266,"total":0.1031266,"children":null},"WriteActionMask":{"count":5304,"self":0.0054215,"total":0.0054215,"children":null},"RequestDecision":{"count":5304,"self":0.0554604,"total":0.0554604,"children":null}}},"DecideAction":{"count":3311,"self":2.7847044,"total":2.7847044,"children":null},"AgentAct":{"count":3311,"self":0.097153599999999993,"total":0.097153599999999993,"children":null}},"gauges":{"Sorter.CumulativeReward":{"count":26,"max":-0.0599966645,"min":-1.41160583,"runningAverage":-0.978868663,"value":-1.20860243,"weightedAverage":-0.967093647}},"metadata":{"timer_format_version":"0.1.0","start_time_seconds":"1695791735","unity_version":"2021.3.12f1","command_line_arguments":"D:\\Unity Hub\\Editor\\Unity.exe -projectpath D:\\GitHub\\MLAgents_2021 -useHub -hubIPC -cloudEnvironment production","communication_protocol_version":"1.5.0","com.unity.ml-agents_version":"2.3.0-exp.3","scene_name":"Sorter","end_time_seconds":"1695791807"}}