{"count":1,"self":4747.3233919999993,"total":78727.2957132,"children":{"InitializeActuators":{"count":8,"self":0.0019944999999999997,"total":0.0019944999999999997,"children":null},"InitializeSensors":{"count":8,"self":0.00399,"total":0.00399,"children":null},"AgentSendState":{"count":3750817,"self":197.7311488,"total":455.85328699999997,"children":{"CollectObservations":{"count":5001096,"self":76.498784,"total":76.4987847,"children":null},"WriteActionMask":{"count":5001096,"self":3.7239983999999997,"total":3.7239985,"children":null},"RequestDecision":{"count":5001096,"self":17.30192,"total":177.8993549,"children":{"AgentInfo.ToProto":{"count":5001096,"self":13.464416,"total":160.5974344,"children":{"GenerateSensorData":{"count":5001096,"self":136.299008,"total":147.1330178,"children":{"RayPerceptionSensor.Perceive":{"count":5001096,"self":10.834016,"total":10.834016199999999,"children":null}}}}}}}}},"DecideAction":{"count":3750817,"self":73456.3991552,"total":73456.3978071,"children":null},"AgentAct":{"count":3750817,"self":65.9430592,"total":66.0038228,"children":{"AgentInfo.ToProto":{"count":1544,"self":0.0087517,"total":0.0607611,"children":{"GenerateSensorData":{"count":1544,"self":0.047290399999999996,"total":0.0520094,"children":{"RayPerceptionSensor.Perceive":{"count":1544,"self":0.004719,"total":0.004719,"children":null}}}}}}},"AgentInfo.ToProto":{"count":41286,"self":0.271418,"total":1.6890611999999998,"children":{"GenerateSensorData":{"count":41286,"self":1.3066554,"total":1.4176431999999999,"children":{"RayPerceptionSensor.Perceive":{"count":41286,"self":0.1109878,"total":0.1109878,"children":null}}}}}},"gauges":{"CollabRLCu_Curriculum_ProgressBased_StaticOnly.CumulativeReward":{"count":42830,"max":5.95633364,"min":-0.9999696,"runningAverage":4.595292,"value":5.800666,"weightedAverage":5.10686874}},"metadata":{"timer_format_version":"0.1.0","start_time_seconds":"1696379618","unity_version":"2021.3.12f1","command_line_arguments":"D:\\Unity Hub\\Editor\\Unity.exe -projectpath D:\\GitHub\\MLAgents_2021 -useHub -hubIPC -cloudEnvironment production","communication_protocol_version":"1.5.0","com.unity.ml-agents_version":"2.3.0-exp.3","scene_name":"Static Only - Progress based","end_time_seconds":"1696458346"}}