{"count":1,"self":3856.1562624,"total":7146.6564682,"children":{"InitializeActuators":{"count":8,"self":0.0014877,"total":0.0014877,"children":null},"InitializeSensors":{"count":8,"self":0.0034719,"total":0.0034719,"children":null},"AgentSendState":{"count":2250667,"self":127.46320639999999,"total":228.9163757,"children":{"CollectObservations":{"count":3000896,"self":4.3049,"total":4.3048999,"children":null},"WriteActionMask":{"count":3000896,"self":2.1256444,"total":2.1256445,"children":null},"RequestDecision":{"count":3000896,"self":8.0784919999999989,"total":95.0226225,"children":{"AgentInfo.ToProto":{"count":3000896,"self":7.4786952,"total":86.9441307,"children":{"GenerateSensorData":{"count":3000896,"self":72.9404672,"total":79.4654358,"children":{"RayPerceptionSensor.Perceive":{"count":3000896,"self":6.5249679999999994,"total":6.5249681,"children":null}}}}}}}}},"DecideAction":{"count":2250667,"self":3020.1276416,"total":3020.1275825,"children":null},"AgentAct":{"count":2250667,"self":40.6101664,"total":40.6537115,"children":{"AgentInfo.ToProto":{"count":1054,"self":0.0059571999999999993,"total":0.0435454,"children":{"GenerateSensorData":{"count":1054,"self":0.034124,"total":0.037588199999999995,"children":{"RayPerceptionSensor.Perceive":{"count":1054,"self":0.0034641999999999997,"total":0.0034641999999999997,"children":null}}}}}}},"AgentInfo.ToProto":{"count":20433,"self":0.1164722,"total":0.79701939999999993,"children":{"GenerateSensorData":{"count":20433,"self":0.6349173,"total":0.6805472,"children":{"RayPerceptionSensor.Perceive":{"count":20433,"self":0.0456299,"total":0.0456299,"children":null}}}}}},"gauges":{"CollabRLCu.CumulativeReward":{"count":21487,"max":7.86900043,"min":-0.9999696,"runningAverage":4.36463642,"value":5.824333,"weightedAverage":5.022478}},"metadata":{"timer_format_version":"0.1.0","start_time_seconds":"1703753719","unity_version":"2021.3.12f1","command_line_arguments":"C:\\Program Files\\Unity\\Hub\\Editor\\2021.3.12f1\\Editor\\Unity.exe -projectpath D:\\GitHub\\MLAgents_2021 -useHub -hubIPC -cloudEnvironment production","communication_protocol_version":"1.5.0","com.unity.ml-agents_version":"2.3.0-exp.3","scene_name":"Train - Collab RL Cu No Curriculum","end_time_seconds":"1703760865"}}