{"count":1,"self":11363.9038976,"total":14132.779156499999,"children":{"InitializeActuators":{"count":16,"self":0.0039891,"total":0.0039891,"children":null},"InitializeSensors":{"count":16,"self":0.0020150999999999997,"total":0.0020150999999999997,"children":null},"AgentSendState":{"count":1562867,"self":128.6951552,"total":213.26793609999999,"children":{"CollectObservations":{"count":5001184,"self":6.0105488,"total":6.0105486999999993,"children":null},"WriteActionMask":{"count":5001184,"self":3.4663488,"total":3.4663489,"children":null},"RequestDecision":{"count":5001184,"self":13.1457568,"total":75.0958891,"children":{"AgentInfo.ToProto":{"count":5001184,"self":10.910225599999999,"total":61.950131999999996,"children":{"GenerateSensorData":{"count":5001184,"self":37.8346464,"total":51.039906699999996,"children":{"RayPerceptionSensor.Perceive":{"count":5001184,"self":13.205259999999999,"total":13.2052597,"children":null}}}}}}}}},"DecideAction":{"count":1562867,"self":2488.7216128,"total":2488.7215796,"children":null},"AgentAct":{"count":1562867,"self":66.6117888,"total":66.6640776,"children":{"AgentInfo.ToProto":{"count":1994,"self":0.0089706,"total":0.0522918,"children":{"GenerateSensorData":{"count":1994,"self":0.0343286,"total":0.0433212,"children":{"RayPerceptionSensor.Perceive":{"count":1994,"self":0.0089926,"total":0.0089926,"children":null}}}}}}},"AgentInfo.ToProto":{"count":9050,"self":0.061319599999999995,"total":0.21588729999999998,"children":{"GenerateSensorData":{"count":9050,"self":0.1339126,"total":0.1545677,"children":{"RayPerceptionSensor.Perceive":{"count":9050,"self":0.0206551,"total":0.0206551,"children":null}}}}}},"gauges":{"BasicNavigationJetbot.CumulativeReward":{"count":11044,"max":3.98039675,"min":-1.9997412,"runningAverage":1.02028084,"value":1.86339879,"weightedAverage":1.45446372}},"metadata":{"timer_format_version":"0.1.0","start_time_seconds":"1700557083","unity_version":"2021.3.12f1","command_line_arguments":"D:\\Unity Hub\\Editor\\Unity.exe -projectpath D:\\GitHub\\MLAgents_2021 -useHub -hubIPC -cloudEnvironment production","communication_protocol_version":"1.5.0","com.unity.ml-agents_version":"2.3.0-exp.3","scene_name":"Training","end_time_seconds":"1700571215"}}