{"count":1,"self":5762.8418047999994,"total":11369.4794948,"children":{"InitializeActuators":{"count":8,"self":0.0019947,"total":0.0019947,"children":null},"InitializeSensors":{"count":8,"self":0.0049748,"total":0.0049748,"children":null},"AgentSendState":{"count":3750317,"self":213.222208,"total":450.36287619999996,"children":{"CollectObservations":{"count":5000424,"self":82.52261759999999,"total":82.5226185,"children":null},"WriteActionMask":{"count":5000424,"self":3.826504,"total":3.8265038999999996,"children":null},"RequestDecision":{"count":5000424,"self":15.9853312,"total":150.7915504,"children":{"AgentInfo.ToProto":{"count":5000424,"self":12.311244,"total":134.8062198,"children":{"GenerateSensorData":{"count":5000424,"self":111.9634176,"total":122.49497609999999,"children":{"RayPerceptionSensor.Perceive":{"count":5000424,"self":10.5315584,"total":10.5315584,"children":null}}}}}}}}},"DecideAction":{"count":3750317,"self":5090.5894911999994,"total":5090.5896179,"children":null},"AgentAct":{"count":3750317,"self":63.9331008,"total":63.9520048,"children":{"AgentInfo.ToProto":{"count":494,"self":0.0029917,"total":0.018903299999999998,"children":{"GenerateSensorData":{"count":494,"self":0.014901999999999999,"total":0.015911599999999998,"children":{"RayPerceptionSensor.Perceive":{"count":494,"self":0.0010096,"total":0.0010096,"children":null}}}}}}},"AgentInfo.ToProto":{"count":42981,"self":0.28021389999999996,"total":1.7251041999999999,"children":{"GenerateSensorData":{"count":42981,"self":1.3538101999999999,"total":1.4448903,"children":{"RayPerceptionSensor.Perceive":{"count":42981,"self":0.0910801,"total":0.0910801,"children":null}}}}}},"gauges":{"CollabRLCu_Curriculum_Reward_Full.CumulativeReward":{"count":43475,"max":5.96,"min":-0.9999696,"runningAverage":4.782133,"value":3.65866351,"weightedAverage":4.642072}},"metadata":{"timer_format_version":"0.1.0","start_time_seconds":"1696355927","unity_version":"2021.3.12f1","command_line_arguments":"C:\\Program Files\\Unity\\Hub\\Editor\\2021.3.12f1\\Editor\\Unity.exe -projectpath D:\\GitHub\\MLAgents_2021 -useHub -hubIPC -cloudEnvironment production","communication_protocol_version":"1.5.0","com.unity.ml-agents_version":"2.3.0-exp.3","scene_name":"Train - Collab RL Cu Curriculum Reward - Full","end_time_seconds":"1696367296"}}