{"count":1,"self":314363.9236608,"total":320144.2069305,"children":{"InitializeActuators":{"count":8,"self":0.0025142999999999997,"total":0.0025142999999999997,"children":null},"InitializeSensors":{"count":8,"self":0.003985,"total":0.003985,"children":null},"AgentSendState":{"count":3750367,"self":217.8711808,"total":464.92957789999997,"children":{"CollectObservations":{"count":5000496,"self":83.6392192,"total":83.6392209,"children":null},"WriteActionMask":{"count":5000496,"self":3.8184972,"total":3.8184970999999996,"children":null},"RequestDecision":{"count":5000496,"self":14.9496512,"total":159.60068379999998,"children":{"AgentInfo.ToProto":{"count":5000496,"self":12.6182056,"total":144.6510323,"children":{"GenerateSensorData":{"count":5000496,"self":120.90201599999999,"total":132.0328269,"children":{"RayPerceptionSensor.Perceive":{"count":5000496,"self":11.130815199999999,"total":11.1308151,"children":null}}}}}}}}},"DecideAction":{"count":3750367,"self":5246.9481472,"total":5246.9482056,"children":null},"AgentAct":{"count":3750367,"self":66.6050176,"total":66.6279429,"children":{"AgentInfo.ToProto":{"count":728,"self":0.0039892,"total":0.0229241,"children":{"GenerateSensorData":{"count":728,"self":0.0169403,"total":0.018934899999999998,"children":{"RayPerceptionSensor.Perceive":{"count":728,"self":0.0019946,"total":0.0019946,"children":null}}}}}}},"AgentInfo.ToProto":{"count":41698,"self":0.2594182,"total":1.7732202,"children":{"GenerateSensorData":{"count":41698,"self":1.3983147999999999,"total":1.5138019999999999,"children":{"RayPerceptionSensor.Perceive":{"count":41698,"self":0.1154872,"total":0.1154872,"children":null}}}}}},"gauges":{"CollabRLCu_Curriculum.CumulativeReward":{"count":42426,"max":7.846,"min":-0.9999696,"runningAverage":4.48174238,"value":5.84766674,"weightedAverage":5.46213627}},"metadata":{"timer_format_version":"0.1.0","start_time_seconds":"1695963084","unity_version":"2021.3.12f1","command_line_arguments":"D:\\Unity Hub\\Editor\\Unity.exe -projectpath D:\\GitHub\\MLAgents_2021 -useHub -hubIPC -cloudEnvironment production","communication_protocol_version":"1.5.0","com.unity.ml-agents_version":"2.3.0-exp.3","scene_name":"Train - Dynamic Only Progress-Based","end_time_seconds":"1696283228"}}