{"count":1,"self":5359.6041215999994,"total":11069.3186976,"children":{"InitializeActuators":{"count":8,"self":0.00198,"total":0.00198,"children":null},"InitializeSensors":{"count":8,"self":0.0029922,"total":0.0029922,"children":null},"AgentSendState":{"count":3750334,"self":202.49599999999998,"total":442.72893139999996,"children":{"CollectObservations":{"count":5000448,"self":79.567296,"total":79.5672968,"children":null},"WriteActionMask":{"count":5000448,"self":3.9204187999999998,"total":3.9204187999999998,"children":null},"RequestDecision":{"count":5000448,"self":14.1550864,"total":156.7452121,"children":{"AgentInfo.ToProto":{"count":5000448,"self":12.4302216,"total":142.5901259,"children":{"GenerateSensorData":{"count":5000448,"self":119.21808639999999,"total":130.1599042,"children":{"RayPerceptionSensor.Perceive":{"count":5000448,"self":10.9418192,"total":10.9418194,"children":null}}}}}}}}},"DecideAction":{"count":3750334,"self":5201.5661056,"total":5201.5662268,"children":null},"AgentAct":{"count":3750334,"self":63.304832,"total":63.383446799999994,"children":{"AgentInfo.ToProto":{"count":2363,"self":0.0049955999999999993,"total":0.0786178,"children":{"GenerateSensorData":{"count":2363,"self":0.0706297,"total":0.0736222,"children":{"RayPerceptionSensor.Perceive":{"count":2363,"self":0.0029925,"total":0.0029925,"children":null}}}}}}},"AgentInfo.ToProto":{"count":47349,"self":0.3177058,"total":2.0299514999999997,"children":{"GenerateSensorData":{"count":47349,"self":1.5905573,"total":1.7122457,"children":{"RayPerceptionSensor.Perceive":{"count":47349,"self":0.12168839999999999,"total":0.12168839999999999,"children":null}}}}}},"gauges":{"CollabRLOnly.CumulativeReward":{"count":49712,"max":5.93133354,"min":-0.9999696,"runningAverage":4.40086269,"value":5.844,"weightedAverage":5.35111332}},"metadata":{"timer_format_version":"0.1.0","start_time_seconds":"1695629428","unity_version":"2021.3.12f1","command_line_arguments":"D:\\Unity Hub\\Editor\\Unity.exe -projectpath D:\\GitHub\\MLAgents_2021 -useHub -hubIPC -cloudEnvironment production","communication_protocol_version":"1.5.0","com.unity.ml-agents_version":"2.3.0-exp.3","scene_name":"Train - Collab RL Only","end_time_seconds":"1695640497"}}