{"count":1,"self":1185.6672767999999,"total":2360.9959193,"children":{"InitializeActuators":{"count":8,"self":0.0019988,"total":0.0019988,"children":null},"InitializeSensors":{"count":8,"self":0.0029825999999999997,"total":0.0029825999999999997,"children":null},"AgentSendState":{"count":750384,"self":43.4707072,"total":92.62598,"children":{"CollectObservations":{"count":1000512,"self":16.4413728,"total":16.4413735,"children":null},"WriteActionMask":{"count":1000512,"self":0.76484679999999994,"total":0.76484679999999994,"children":null},"RequestDecision":{"count":1000512,"self":2.9763143999999997,"total":31.9490509,"children":{"AgentInfo.ToProto":{"count":1000512,"self":2.6139804,"total":28.9727364,"children":{"GenerateSensorData":{"count":1000512,"self":24.08092,"total":26.358756,"children":{"RayPerceptionSensor.Perceive":{"count":1000512,"self":2.2778354,"total":2.2778354,"children":null}}}}}}}}},"DecideAction":{"count":750384,"self":1068.6867456,"total":1068.686717,"children":null},"AgentAct":{"count":750384,"self":13.742060799999999,"total":13.7557885,"children":{"AgentInfo.ToProto":{"count":256,"self":0.003002,"total":0.0137278,"children":{"GenerateSensorData":{"count":256,"self":0.0087301,"total":0.010725799999999999,"children":{"RayPerceptionSensor.Perceive":{"count":256,"self":0.0019957,"total":0.0019957,"children":null}}}}}}},"AgentInfo.ToProto":{"count":5586,"self":0.045403599999999995,"total":0.2551913,"children":{"GenerateSensorData":{"count":5586,"self":0.1951066,"total":0.2097877,"children":{"RayPerceptionSensor.Perceive":{"count":5586,"self":0.014681099999999999,"total":0.014681099999999999,"children":null}}}}}},"gauges":{"CollabRLCu_Curriculum.CumulativeReward":{"count":5842,"max":5.935667,"min":-0.9999696,"runningAverage":3.61529446,"value":3.7613318,"weightedAverage":4.08191633}},"metadata":{"timer_format_version":"0.1.0","start_time_seconds":"1695926938","unity_version":"2021.3.12f1","command_line_arguments":"D:\\Unity Hub\\Editor\\Unity.exe -projectpath D:\\GitHub\\MLAgents_2021 -useHub -hubIPC -cloudEnvironment production","communication_protocol_version":"1.5.0","com.unity.ml-agents_version":"2.3.0-exp.3","scene_name":"Train - Collab RL Cu Curriculum","end_time_seconds":"1695929299"}}