{"count":1,"self":5627.1810559999994,"total":11547.5910047,"children":{"InitializeActuators":{"count":8,"self":0.0019946,"total":0.0019946,"children":null},"InitializeSensors":{"count":8,"self":0.0029917999999999998,"total":0.0029917999999999998,"children":null},"AgentSendState":{"count":3750301,"self":214.1460352,"total":455.91242339999997,"children":{"CollectObservations":{"count":5000408,"self":82.2563648,"total":82.2563622,"children":null},"WriteActionMask":{"count":5000408,"self":4.0190904,"total":4.0190905,"children":null},"RequestDecision":{"count":5000408,"self":13.0599656,"total":155.4909305,"children":{"AgentInfo.ToProto":{"count":5000408,"self":12.1953848,"total":142.4309648,"children":{"GenerateSensorData":{"count":5000408,"self":119.494784,"total":130.2355797,"children":{"RayPerceptionSensor.Perceive":{"count":5000408,"self":10.740800799999999,"total":10.7408007,"children":null}}}}}}}}},"DecideAction":{"count":3750301,"self":5397.9004927999995,"total":5397.9003170999995,"children":null},"AgentAct":{"count":3750301,"self":64.3859648,"total":64.4098984,"children":{"AgentInfo.ToProto":{"count":582,"self":0.00099739999999999985,"total":0.0239354,"children":{"GenerateSensorData":{"count":582,"self":0.022938,"total":0.022938,"children":{"RayPerceptionSensor.Perceive":{"count":582,"self":0,"total":0,"children":null}}}}}}},"AgentInfo.ToProto":{"count":51532,"self":0.33895569999999997,"total":2.1812905,"children":{"GenerateSensorData":{"count":51532,"self":1.6946404,"total":1.8423348,"children":{"RayPerceptionSensor.Perceive":{"count":51532,"self":0.1476943,"total":0.1476943,"children":null}}}}}},"gauges":{"CollabRL.CumulativeReward":{"count":52114,"max":7.82199955,"min":-0.9999696,"runningAverage":4.935989,"value":5.8930006,"weightedAverage":5.40882063}},"metadata":{"timer_format_version":"0.1.0","start_time_seconds":"1695718676","unity_version":"2021.3.12f1","command_line_arguments":"D:\\Unity Hub\\Editor\\Unity.exe -projectpath D:\\GitHub\\MLAgents_2021 -useHub -hubIPC -cloudEnvironment production","communication_protocol_version":"1.5.0","com.unity.ml-agents_version":"2.3.0-exp.3","scene_name":"Train - Collab RL Cu","end_time_seconds":"1695730224"}}