{"count":1,"self":8953.7011712,"total":14722.4484973,"children":{"InitializeActuators":{"count":8,"self":0.0020001,"total":0.0020001,"children":null},"InitializeSensors":{"count":8,"self":0.0029916,"total":0.0029916,"children":null},"AgentSendState":{"count":3750351,"self":218.2922496,"total":463.1766125,"children":{"CollectObservations":{"count":5000472,"self":83.7196992,"total":83.719696599999992,"children":null},"WriteActionMask":{"count":5000472,"self":3.9685835999999997,"total":3.9685835,"children":null},"RequestDecision":{"count":5000472,"self":13.5622864,"total":157.1960794,"children":{"AgentInfo.ToProto":{"count":5000472,"self":12.225963199999999,"total":143.6337924,"children":{"GenerateSensorData":{"count":5000472,"self":120.1433088,"total":131.4078293,"children":{"RayPerceptionSensor.Perceive":{"count":5000472,"self":11.264519199999999,"total":11.264518899999999,"children":null}}}}}}}}},"DecideAction":{"count":3750351,"self":5236.9956864,"total":5236.9957436999994,"children":null},"AgentAct":{"count":3750351,"self":66.5322176,"total":66.5755841,"children":{"AgentInfo.ToProto":{"count":1144,"self":0.0029928,"total":0.043367199999999995,"children":{"GenerateSensorData":{"count":1144,"self":0.0393771,"total":0.0403744,"children":{"RayPerceptionSensor.Perceive":{"count":1144,"self":0.0009973,"total":0.0009973,"children":null}}}}}}},"AgentInfo.ToProto":{"count":46332,"self":0.286191,"total":1.9934695,"children":{"GenerateSensorData":{"count":46332,"self":1.5989292,"total":1.7072785,"children":{"RayPerceptionSensor.Perceive":{"count":46332,"self":0.1083493,"total":0.1083493,"children":null}}}}}},"gauges":{"CollabRLCu.CumulativeReward":{"count":47476,"max":7.856667,"min":-0.9999696,"runningAverage":4.728959,"value":5.76966524,"weightedAverage":5.665263}},"metadata":{"timer_format_version":"0.1.0","start_time_seconds":"1695862922","unity_version":"2021.3.12f1","command_line_arguments":"D:\\Unity Hub\\Editor\\Unity.exe -projectpath D:\\GitHub\\MLAgents_2021 -useHub -hubIPC -cloudEnvironment production","communication_protocol_version":"1.5.0","com.unity.ml-agents_version":"2.3.0-exp.3","scene_name":"Train - Collab RL Cu No Curriculum","end_time_seconds":"1695877645"}}