{"count":1,"self":3190.3350784,"total":10734.3241478,"children":{"InitializeActuators":{"count":8,"self":0.0009973,"total":0.0009973,"children":null},"InitializeSensors":{"count":8,"self":0.0029925999999999998,"total":0.0029925999999999998,"children":null},"AgentSendState":{"count":2250317,"self":137.6322176,"total":241.1414222,"children":{"CollectObservations":{"count":3000424,"self":4.4173764,"total":4.4173765,"children":null},"WriteActionMask":{"count":3000424,"self":2.3029614,"total":2.3029614,"children":null},"RequestDecision":{"count":3000424,"self":8.149472,"total":96.78886279999999,"children":{"AgentInfo.ToProto":{"count":3000424,"self":7.5084336,"total":88.63939049999999,"children":{"GenerateSensorData":{"count":3000424,"self":74.4146816,"total":81.130957299999992,"children":{"RayPerceptionSensor.Perceive":{"count":3000424,"self":6.7162752,"total":6.7162754,"children":null}}}}}}}}},"DecideAction":{"count":2250317,"self":7220.6712831999994,"total":7220.6711178,"children":null},"AgentAct":{"count":2250317,"self":81.191487999999993,"total":81.2265499,"children":{"AgentInfo.ToProto":{"count":1005,"self":0.0062226999999999994,"total":0.0350613,"children":{"GenerateSensorData":{"count":1005,"self":0.0258528,"total":0.0288386,"children":{"RayPerceptionSensor.Perceive":{"count":1005,"self":0.0029858,"total":0.0029858,"children":null}}}}}}},"AgentInfo.ToProto":{"count":21314,"self":0.146917,"total":0.94405089999999992,"children":{"GenerateSensorData":{"count":21314,"self":0.7380198,"total":0.7971339,"children":{"RayPerceptionSensor.Perceive":{"count":21314,"self":0.059114099999999996,"total":0.059114099999999996,"children":null}}}}}},"gauges":{"CollabRLCu.CumulativeReward":{"count":22319,"max":7.819,"min":-0.9999696,"runningAverage":4.415886,"value":5.5733285,"weightedAverage":5.01398945}},"metadata":{"timer_format_version":"0.1.0","start_time_seconds":"1703926441","unity_version":"2021.3.12f1","command_line_arguments":"D:\\Unity Hub\\Editor\\Unity.exe -projectpath D:\\GitHub\\MLAgents_2021 -useHub -hubIPC -cloudEnvironment production","communication_protocol_version":"1.5.0","com.unity.ml-agents_version":"2.3.0-exp.3","scene_name":"Train - Collab RL Cu No Curriculum","end_time_seconds":"1703937175"}}