{"count":1,"self":440.18129919999996,"total":1143.5228689,"children":{"InitializeActuators":{"count":9,"self":0.0009969,"total":0.0009969,"children":null},"InitializeSensors":{"count":9,"self":0.0019947999999999997,"total":0.0019947999999999997,"children":null},"AgentSendState":{"count":411384,"self":16.7166,"total":35.7039666,"children":{"CollectObservations":{"count":617076,"self":8.9484111999999989,"total":8.948411,"children":null},"WriteActionMask":{"count":617076,"self":0.4606724,"total":0.4606724,"children":null},"RequestDecision":{"count":617076,"self":1.9003028,"total":9.5782831,"children":{"AgentInfo.ToProto":{"count":617076,"self":1.582531,"total":7.6779801999999995,"children":{"GenerateSensorData":{"count":617076,"self":4.8520259999999995,"total":6.0954492,"children":{"RayPerceptionSensor.Perceive":{"count":617076,"self":1.2434231,"total":1.2434231,"children":null}}}}}}}}},"DecideAction":{"count":411384,"self":658.5001472,"total":658.5001614,"children":null},"AgentAct":{"count":411384,"self":8.9791064,"total":8.9870723,"children":{"AgentInfo.ToProto":{"count":336,"self":0.0029782999999999997,"total":0.0079657,"children":{"GenerateSensorData":{"count":336,"self":0.0039898,"total":0.0049873999999999995,"children":{"RayPerceptionSensor.Perceive":{"count":336,"self":0.0009976,"total":0.0009976,"children":null}}}}}}},"AgentInfo.ToProto":{"count":5998,"self":0.036550599999999996,"total":0.1473951,"children":{"GenerateSensorData":{"count":5998,"self":0.094386,"total":0.1108445,"children":{"RayPerceptionSensor.Perceive":{"count":5998,"self":0.0164585,"total":0.0164585,"children":null}}}}}},"gauges":{"DynamicHallwayFireCollabRL.CumulativeReward":{"count":6334,"max":1.94700015,"min":-0.9999696,"runningAverage":1.70022738,"value":1.93166685,"weightedAverage":1.92379284}},"metadata":{"timer_format_version":"0.1.0","start_time_seconds":"1695582062","unity_version":"2021.3.12f1","command_line_arguments":"D:\\Unity Hub\\Editor\\Unity.exe -projectpath D:\\GitHub\\MLAgents_2021 -useHub -hubIPC -cloudEnvironment production","communication_protocol_version":"1.5.0","com.unity.ml-agents_version":"2.3.0-exp.3","scene_name":"Train - Collab RL","end_time_seconds":"1695583206"}}