{"count":1,"self":36470.1220864,"total":67118.5607608,"children":{"InitializeActuators":{"count":16,"self":0.001995,"total":0.001995,"children":null},"InitializeSensors":{"count":16,"self":0.007489,"total":0.007489,"children":null},"AgentSendState":{"count":1562817,"self":38.3553664,"total":24328.386978399998,"children":{"GridSensor.Update":{"count":5001024,"self":23423.292211199998,"total":23423.2917317,"children":null},"CollectObservations":{"count":5001024,"self":7.8815968,"total":7.8815971,"children":null},"WriteActionMask":{"count":5001024,"self":4.3005168,"total":4.3005168,"children":null},"RequestDecision":{"count":5001024,"self":15.2790064,"total":854.557767,"children":{"AgentInfo.ToProto":{"count":5001024,"self":15.5462736,"total":839.2787599,"children":{"GenerateSensorData":{"count":5001024,"self":42.1795008,"total":823.73248589999992,"children":{"GridSensor.GetCompressedObservation":{"count":5001024,"self":781.5529984,"total":781.5529864,"children":null}}}}}}}}},"DecideAction":{"count":1562817,"self":6197.7014272,"total":6197.7013591999994,"children":null},"AgentAct":{"count":1562817,"self":91.602784,"total":113.07898999999999,"children":{"GridSensor.Update":{"count":3994,"self":20.6201376,"total":20.6201381,"children":null},"AgentInfo.ToProto":{"count":3994,"self":0.023962999999999998,"total":0.8560658,"children":{"GenerateSensorData":{"count":3994,"self":0.0633256,"total":0.83210279999999992,"children":{"GridSensor.GetCompressedObservation":{"count":3994,"self":0.76877719999999994,"total":0.76877719999999994,"children":null}}}}}}},"GridSensor.Update":{"count":3028,"self":8.6200928,"total":8.6200932,"children":null},"AgentInfo.ToProto":{"count":3028,"self":0.0169711,"total":0.6405696,"children":{"GenerateSensorData":{"count":3028,"self":0.0404864,"total":0.62359849999999994,"children":{"GridSensor.GetCompressedObservation":{"count":3028,"self":0.5831121,"total":0.5831121,"children":null}}}}}},"gauges":{"BasicNavigationJetbot.CumulativeReward":{"count":7022,"max":3.98599744,"min":-1.9997412,"runningAverage":-0.3723346,"value":1.9834,"weightedAverage":0.2969914}},"metadata":{"timer_format_version":"0.1.0","start_time_seconds":"1700462648","unity_version":"2021.3.12f1","command_line_arguments":"D:\\Unity Hub\\Editor\\Unity.exe -projectpath D:\\GitHub\\MLAgents_2021 -useHub -hubIPC -cloudEnvironment production","communication_protocol_version":"1.5.0","com.unity.ml-agents_version":"2.3.0-exp.3","scene_name":"Training","end_time_seconds":"1700529767"}}