{"count":1,"self":10152.782233599999,"total":15756.88976,"children":{"InitializeActuators":{"count":8,"self":0.0009969,"total":0.0009969,"children":null},"InitializeSensors":{"count":8,"self":0.003685,"total":0.003685,"children":null},"AgentSendState":{"count":3750267,"self":219.92476159999998,"total":386.48403429999996,"children":{"CollectObservations":{"count":5000360,"self":7.3708127999999995,"total":7.3708126,"children":null},"WriteActionMask":{"count":5000360,"self":3.5792588,"total":3.5792588999999997,"children":null},"RequestDecision":{"count":5000360,"self":13.5210976,"total":155.6092133,"children":{"AgentInfo.ToProto":{"count":5000360,"self":12.1556336,"total":142.0881158,"children":{"GenerateSensorData":{"count":5000360,"self":119.2532224,"total":129.9324826,"children":{"RayPerceptionSensor.Perceive":{"count":5000360,"self":10.679255999999999,"total":10.6792562,"children":null}}}}}}}}},"DecideAction":{"count":3750267,"self":5087.2639487999995,"total":5087.2641294999994,"children":null},"AgentAct":{"count":3750267,"self":128.7029632,"total":128.7696288,"children":{"AgentInfo.ToProto":{"count":1767,"self":0.0065899,"total":0.0666668,"children":{"GenerateSensorData":{"count":1767,"self":0.054179899999999996,"total":0.060076899999999996,"children":{"RayPerceptionSensor.Perceive":{"count":1767,"self":0.0058969999999999995,"total":0.0058969999999999995,"children":null}}}}}}},"AgentInfo.ToProto":{"count":36110,"self":0.2430823,"total":1.5850412999999999,"children":{"GenerateSensorData":{"count":36110,"self":1.2379873,"total":1.341959,"children":{"RayPerceptionSensor.Perceive":{"count":36110,"self":0.1039717,"total":0.1039717,"children":null}}}}}},"gauges":{"CollabRLOnly.CumulativeReward":{"count":37877,"max":7.900667,"min":-0.9999696,"runningAverage":4.37598372,"value":5.73733139,"weightedAverage":5.70993471}},"metadata":{"timer_format_version":"0.1.0","start_time_seconds":"1703048674","unity_version":"2021.3.12f1","command_line_arguments":"D:\\Unity Hub\\Editor\\Unity.exe -projectpath D:\\GitHub\\MLAgents_2021 -useHub -hubIPC -cloudEnvironment production","communication_protocol_version":"1.5.0","com.unity.ml-agents_version":"2.3.0-exp.3","scene_name":"Train - Collab RL No Curriculum","end_time_seconds":"1703064431"}}