{"count":1,"self":1581.183488,"total":3921.4243119,"children":{"InitializeActuators":{"count":9,"self":0.00099739999999999985,"total":0.00099739999999999985,"children":null},"InitializeSensors":{"count":9,"self":0.0035393,"total":0.0035393,"children":null},"AgentSendState":{"count":1431201,"self":54.908620799999994,"total":124.70646289999999,"children":{"CollectObservations":{"count":2146806,"self":33.131350399999995,"total":33.1313495,"children":null},"WriteActionMask":{"count":2146806,"self":1.6251133999999998,"total":1.6251133999999998,"children":null},"RequestDecision":{"count":2146806,"self":6.5722536,"total":35.0413804,"children":{"AgentInfo.ToProto":{"count":2146806,"self":5.4577928,"total":28.469127,"children":{"GenerateSensorData":{"count":2146806,"self":18.6668496,"total":23.0113342,"children":{"RayPerceptionSensor.Perceive":{"count":2146806,"self":4.3444848,"total":4.344485,"children":null}}}}}}}}},"DecideAction":{"count":1431201,"self":2185.119744,"total":2185.1197207,"children":null},"AgentAct":{"count":1431201,"self":29.3519552,"total":29.3704905,"children":{"AgentInfo.ToProto":{"count":913,"self":0.0029916,"total":0.0185351,"children":{"GenerateSensorData":{"count":913,"self":0.0145394,"total":0.0155435,"children":{"RayPerceptionSensor.Perceive":{"count":913,"self":0.0010041,"total":0.0010041,"children":null}}}}}}},"AgentInfo.ToProto":{"count":41497,"self":0.24644449999999998,"total":1.038597,"children":{"GenerateSensorData":{"count":41497,"self":0.676568,"total":0.79215249999999993,"children":{"RayPerceptionSensor.Perceive":{"count":41497,"self":0.11558449999999999,"total":0.11558449999999999,"children":null}}}}}},"gauges":{"DynamicHallwayFireCollabIL.CumulativeReward":{"count":42410,"max":1.96133339,"min":-0.9999696,"runningAverage":1.85684955,"value":1.95300007,"weightedAverage":1.94570065}},"metadata":{"timer_format_version":"0.1.0","start_time_seconds":"1695539916","unity_version":"2021.3.12f1","command_line_arguments":"D:\\Unity Hub\\Editor\\Unity.exe -projectpath D:\\GitHub\\MLAgents_2021 -useHub -hubIPC -cloudEnvironment production","communication_protocol_version":"1.5.0","com.unity.ml-agents_version":"2.3.0-exp.3","scene_name":"Train - Collab IL","end_time_seconds":"1695543837"}}