{"count":1,"self":5385.9229695999993,"total":8891.0341076,"children":{"InitializeActuators":{"count":8,"self":0.0019944,"total":0.0019944,"children":null},"InitializeSensors":{"count":8,"self":0.002992,"total":0.002992,"children":null},"AgentSendState":{"count":2250301,"self":132.0731264,"total":237.8095956,"children":{"CollectObservations":{"count":3000408,"self":4.5591756,"total":4.5591757,"children":null},"WriteActionMask":{"count":3000408,"self":2.2890314,"total":2.2890314,"children":null},"RequestDecision":{"count":3000408,"self":10.297812799999999,"total":98.8882599,"children":{"AgentInfo.ToProto":{"count":3000408,"self":7.742456,"total":88.5904473,"children":{"GenerateSensorData":{"count":3000408,"self":74.3976192,"total":80.84799129999999,"children":{"RayPerceptionSensor.Perceive":{"count":3000408,"self":6.4503696,"total":6.4503695,"children":null}}}}}}}}},"DecideAction":{"count":2250301,"self":3224.0574463999997,"total":3224.0573756999997,"children":null},"AgentAct":{"count":2250301,"self":42.359542399999995,"total":42.3814292,"children":{"AgentInfo.ToProto":{"count":603,"self":0.0029915,"total":0.0218872,"children":{"GenerateSensorData":{"count":603,"self":0.018895699999999998,"total":0.018895699999999998,"children":{"RayPerceptionSensor.Perceive":{"count":603,"self":0,"total":0,"children":null}}}}}}},"AgentInfo.ToProto":{"count":20150,"self":0.14813949999999998,"total":0.85791509999999993,"children":{"GenerateSensorData":{"count":20150,"self":0.6639181,"total":0.7097756,"children":{"RayPerceptionSensor.Perceive":{"count":20150,"self":0.045857499999999995,"total":0.045857499999999995,"children":null}}}}}},"gauges":{"CollabRLCu_Curriculum_ProgressBased_DynamicOnly.CumulativeReward":{"count":20753,"max":5.94866657,"min":-0.9999696,"runningAverage":4.17564,"value":3.73633146,"weightedAverage":4.3017664}},"metadata":{"timer_format_version":"0.1.0","start_time_seconds":"1703753013","unity_version":"2021.3.12f1","command_line_arguments":"D:\\Unity Hub\\Editor\\Unity.exe -projectpath D:\\GitHub\\MLAgents_2021 -useHub -hubIPC -cloudEnvironment production","communication_protocol_version":"1.5.0","com.unity.ml-agents_version":"2.3.0-exp.3","scene_name":"Train - Dynamic Only Progress-Based","end_time_seconds":"1703761904"}}