{"count":1,"self":6104.2937856,"total":11842.9131969,"children":{"InitializeActuators":{"count":8,"self":0.0020293,"total":0.0020293,"children":null},"InitializeSensors":{"count":8,"self":0.0030107999999999997,"total":0.0030107999999999997,"children":null},"AgentSendState":{"count":3750717,"self":202.29715199999998,"total":443.99811489999996,"children":{"CollectObservations":{"count":5000960,"self":78.9360256,"total":78.9360236,"children":null},"WriteActionMask":{"count":5000960,"self":3.9228091999999997,"total":3.9228091,"children":null},"RequestDecision":{"count":5000960,"self":13.6219904,"total":158.84213119999998,"children":{"AgentInfo.ToProto":{"count":5000960,"self":12.5137688,"total":145.22014099999998,"children":{"GenerateSensorData":{"count":5000960,"self":121.677824,"total":132.7063723,"children":{"RayPerceptionSensor.Perceive":{"count":5000960,"self":11.0285528,"total":11.0285525,"children":null}}}}}}}}},"DecideAction":{"count":3750717,"self":5221.6066047999993,"total":5221.6066208,"children":null},"AgentAct":{"count":3750717,"self":72.1886592,"total":72.463062999999991,"children":{"AgentInfo.ToProto":{"count":6162,"self":0.054488999999999996,"total":0.27440169999999997,"children":{"GenerateSensorData":{"count":6162,"self":0.2012381,"total":0.2199127,"children":{"RayPerceptionSensor.Perceive":{"count":6162,"self":0.0186746,"total":0.0186746,"children":null}}}}}}},"AgentInfo.ToProto":{"count":13520,"self":0.0912689,"total":0.5455443,"children":{"GenerateSensorData":{"count":13520,"self":0.4243633,"total":0.4542754,"children":{"RayPerceptionSensor.Perceive":{"count":13520,"self":0.029912099999999997,"total":0.029912099999999997,"children":null}}}}}},"gauges":{"CollabRLCu.CumulativeReward":{"count":19682,"max":5.9416666,"min":-0.9999696,"runningAverage":2.50237632,"value":3.8906672,"weightedAverage":4.633575}},"metadata":{"timer_format_version":"0.1.0","start_time_seconds":"1695945806","unity_version":"2021.3.12f1","command_line_arguments":"D:\\Unity Hub\\Editor\\Unity.exe -projectpath D:\\GitHub\\MLAgents_2021 -useHub -hubIPC -cloudEnvironment production","communication_protocol_version":"1.5.0","com.unity.ml-agents_version":"2.3.0-exp.3","scene_name":"Train - Collab RL Cu No Curriculum","end_time_seconds":"1695957649"}}