{"count":1,"self":3693.2337663999997,"total":7720.4398685999995,"children":{"InitializeActuators":{"count":8,"self":0.0019952999999999998,"total":0.0019952999999999998,"children":null},"InitializeSensors":{"count":8,"self":0.0059694,"total":0.0059694,"children":null},"AgentSendState":{"count":2250267,"self":131.35833599999998,"total":239.3297748,"children":{"CollectObservations":{"count":3000360,"self":4.3440688,"total":4.3440689,"children":null},"WriteActionMask":{"count":3000360,"self":2.1939408,"total":2.1939409,"children":null},"RequestDecision":{"count":3000360,"self":8.076843199999999,"total":101.4334251,"children":{"AgentInfo.ToProto":{"count":3000360,"self":7.9399408,"total":93.3565818,"children":{"GenerateSensorData":{"count":3000360,"self":79.0134656,"total":85.4166414,"children":{"RayPerceptionSensor.Perceive":{"count":3000360,"self":6.4031775999999994,"total":6.4031778,"children":null}}}}}}}}},"DecideAction":{"count":2250267,"self":3703.5823103999996,"total":3703.5821406,"children":null},"AgentAct":{"count":2250267,"self":83.3950208,"total":83.437549199999992,"children":{"AgentInfo.ToProto":{"count":1232,"self":0.0085302,"total":0.0425296,"children":{"GenerateSensorData":{"count":1232,"self":0.0310082,"total":0.0339994,"children":{"RayPerceptionSensor.Perceive":{"count":1232,"self":0.0029912,"total":0.0029912,"children":null}}}}}}},"AgentInfo.ToProto":{"count":19068,"self":0.1365307,"total":0.8472599,"children":{"GenerateSensorData":{"count":19068,"self":0.6728886,"total":0.7107292,"children":{"RayPerceptionSensor.Perceive":{"count":19068,"self":0.037840599999999995,"total":0.037840599999999995,"children":null}}}}}},"gauges":{"CollabRLOnly.CumulativeReward":{"count":20300,"max":7.872334,"min":-0.9999696,"runningAverage":4.26358938,"value":3.78766561,"weightedAverage":4.48022175}},"metadata":{"timer_format_version":"0.1.0","start_time_seconds":"1703737831","unity_version":"2021.3.12f1","command_line_arguments":"D:\\Unity Hub\\Editor\\Unity.exe -projectpath D:\\GitHub\\MLAgents_2021 -useHub -hubIPC -cloudEnvironment production","communication_protocol_version":"1.5.0","com.unity.ml-agents_version":"2.3.0-exp.3","scene_name":"Train - Collab RL No Curriculum","end_time_seconds":"1703745551"}}