{"count":1,"self":6958.2741504,"total":22637.648798,"children":{"InitializeActuators":{"count":8,"self":0.00099779999999999986,"total":0.00099779999999999986,"children":null},"InitializeSensors":{"count":8,"self":0.0029925999999999998,"total":0.0029925999999999998,"children":null},"AgentSendState":{"count":3750551,"self":215.5238656,"total":453.53672639999996,"children":{"CollectObservations":{"count":5000736,"self":84.222227199999992,"total":84.2222256,"children":null},"WriteActionMask":{"count":5000736,"self":3.6926531999999996,"total":3.6926531,"children":null},"RequestDecision":{"count":5000736,"self":15.669779199999999,"total":150.097975,"children":{"AgentInfo.ToProto":{"count":5000736,"self":12.0079032,"total":134.4281952,"children":{"GenerateSensorData":{"count":5000736,"self":111.7848832,"total":122.4202919,"children":{"RayPerceptionSensor.Perceive":{"count":5000736,"self":10.635403199999999,"total":10.6354033,"children":null}}}}}}}}},"DecideAction":{"count":3750551,"self":15160.719769599998,"total":15160.71998,"children":null},"AgentAct":{"count":3750551,"self":63.364,"total":63.3816401,"children":{"AgentInfo.ToProto":{"count":536,"self":0.0020043,"total":0.017640799999999998,"children":{"GenerateSensorData":{"count":536,"self":0.014639699999999999,"total":0.015636499999999998,"children":{"RayPerceptionSensor.Perceive":{"count":536,"self":0.0009968,"total":0.0009968,"children":null}}}}}}},"AgentInfo.ToProto":{"count":45324,"self":0.2792781,"total":1.7314345,"children":{"GenerateSensorData":{"count":45324,"self":1.3474149,"total":1.4521564,"children":{"RayPerceptionSensor.Perceive":{"count":45324,"self":0.1047415,"total":0.1047415,"children":null}}}}}},"gauges":{"CollabRLCu_Curriculum_Reward.CumulativeReward":{"count":45860,"max":7.86300039,"min":-0.9999696,"runningAverage":4.781639,"value":5.87000036,"weightedAverage":4.54783154}},"metadata":{"timer_format_version":"0.1.0","start_time_seconds":"1695956964","unity_version":"2021.3.12f1","command_line_arguments":"C:\\Program Files\\Unity\\Hub\\Editor\\2021.3.12f1\\Editor\\Unity.exe -projectpath D:\\GitHub\\MLAgents_2021 -useHub -hubIPC -cloudEnvironment production","communication_protocol_version":"1.5.0","com.unity.ml-agents_version":"2.3.0-exp.3","scene_name":"Train - Collab RL Cu Curriculum Reward","end_time_seconds":"1695979601"}}