{"count":1,"self":5422.3126527999993,"total":11150.0496504,"children":{"InitializeActuators":{"count":8,"self":0.0019946,"total":0.0019946,"children":null},"InitializeSensors":{"count":8,"self":0.002992,"total":0.002992,"children":null},"AgentSendState":{"count":3750317,"self":213.1966464,"total":457.66322379999997,"children":{"CollectObservations":{"count":5000424,"self":82.395692799999992,"total":82.395694999999989,"children":null},"WriteActionMask":{"count":5000424,"self":3.8606632,"total":3.8606632999999997,"children":null},"RequestDecision":{"count":5000424,"self":13.6256192,"total":158.210221,"children":{"AgentInfo.ToProto":{"count":5000424,"self":12.5318808,"total":144.584602,"children":{"GenerateSensorData":{"count":5000424,"self":120.99896319999999,"total":132.0527212,"children":{"RayPerceptionSensor.Perceive":{"count":5000424,"self":11.053763199999999,"total":11.0537634,"children":null}}}}}}}}},"DecideAction":{"count":3750317,"self":5203.5571712,"total":5203.5570343,"children":null},"AgentAct":{"count":3750317,"self":64.572857599999992,"total":64.6107926,"children":{"AgentInfo.ToProto":{"count":1046,"self":0.0039905,"total":0.037937,"children":{"GenerateSensorData":{"count":1046,"self":0.032949599999999996,"total":0.0339465,"children":{"RayPerceptionSensor.Perceive":{"count":1046,"self":0.0009969,"total":0.0009969,"children":null}}}}}}},"AgentInfo.ToProto":{"count":48688,"self":0.2801668,"total":1.8997657,"children":{"GenerateSensorData":{"count":48688,"self":1.5087663999999998,"total":1.6195989,"children":{"RayPerceptionSensor.Perceive":{"count":48688,"self":0.1108325,"total":0.1108325,"children":null}}}}}},"gauges":{"CollabRLOnly.CumulativeReward":{"count":49734,"max":7.831333,"min":-0.9999696,"runningAverage":4.825146,"value":5.86433363,"weightedAverage":5.223118}},"metadata":{"timer_format_version":"0.1.0","start_time_seconds":"1695705469","unity_version":"2021.3.12f1","command_line_arguments":"D:\\Unity Hub\\Editor\\Unity.exe -projectpath D:\\GitHub\\MLAgents_2021 -useHub -hubIPC -cloudEnvironment production","communication_protocol_version":"1.5.0","com.unity.ml-agents_version":"2.3.0-exp.3","scene_name":"Train - Collab RL Only","end_time_seconds":"1695716619"}}