{"count":1,"self":18225.114316799998,"total":21130.2800054,"children":{"InitializeActuators":{"count":16,"self":0.002992,"total":0.002992,"children":null},"InitializeSensors":{"count":16,"self":0.0039895999999999994,"total":0.0039895999999999994,"children":null},"AgentSendState":{"count":1562867,"self":207.83265279999998,"total":298.11291389999997,"children":{"CollectObservations":{"count":5001184,"self":6.1266295999999993,"total":6.1266295,"children":null},"WriteActionMask":{"count":5001184,"self":3.529206,"total":3.5292059,"children":null},"RequestDecision":{"count":5001184,"self":12.965597599999999,"total":80.62442089999999,"children":{"AgentInfo.ToProto":{"count":5001184,"self":11.67614,"total":67.658823599999991,"children":{"GenerateSensorData":{"count":5001184,"self":41.040896,"total":55.9826833,"children":{"RayPerceptionSensor.Perceive":{"count":5001184,"self":14.941787199999998,"total":14.941787499999998,"children":null}}}}}}}}},"DecideAction":{"count":1562867,"self":2533.9686911999997,"total":2533.9686787,"children":null},"AgentAct":{"count":1562867,"self":72.3461248,"total":72.3797661,"children":{"AgentInfo.ToProto":{"count":1134,"self":0.0027909,"total":0.033641199999999996,"children":{"GenerateSensorData":{"count":1134,"self":0.024866799999999998,"total":0.030850299999999997,"children":{"RayPerceptionSensor.Perceive":{"count":1134,"self":0.0059835,"total":0.0059835,"children":null}}}}}}},"AgentInfo.ToProto":{"count":25715,"self":0.1736713,"total":0.6958246,"children":{"GenerateSensorData":{"count":25715,"self":0.3974486,"total":0.52215329999999993,"children":{"RayPerceptionSensor.Perceive":{"count":25715,"self":0.12470469999999999,"total":0.12470469999999999,"children":null}}}}}},"gauges":{"BasicNavigationJetbot.CumulativeReward":{"count":26849,"max":3.97319555,"min":-10.69908,"runningAverage":1.66185749,"value":1.9346,"weightedAverage":1.84568346}},"metadata":{"timer_format_version":"0.1.0","start_time_seconds":"1700721094","unity_version":"2021.3.12f1","command_line_arguments":"D:\\Unity Hub\\Editor\\Unity.exe -projectpath D:\\GitHub\\MLAgents_2021 -useHub -hubIPC -cloudEnvironment production","communication_protocol_version":"1.5.0","com.unity.ml-agents_version":"2.3.0-exp.3","scene_name":"Training","end_time_seconds":"1700742224"}}