{"count":1,"self":4322.3302144,"total":11003.767972599999,"children":{"InitializeActuators":{"count":8,"self":0.0019947,"total":0.0019947,"children":null},"InitializeSensors":{"count":8,"self":0.0029833,"total":0.0029833,"children":null},"AgentSendState":{"count":3750151,"self":197.364288,"total":461.035938,"children":{"CollectObservations":{"count":5000208,"self":81.474668799999989,"total":81.4746705,"children":null},"WriteActionMask":{"count":5000208,"self":3.8346508,"total":3.8346506999999996,"children":null},"RequestDecision":{"count":5000208,"self":16.283608,"total":178.3623259,"children":{"AgentInfo.ToProto":{"count":5000208,"self":13.2420896,"total":162.07871849999998,"children":{"GenerateSensorData":{"count":5000208,"self":137.989056,"total":148.8366292,"children":{"RayPerceptionSensor.Perceive":{"count":5000208,"self":10.8475696,"total":10.8475693,"children":null}}}}}}}}},"DecideAction":{"count":3750151,"self":6151.723008,"total":6151.7229383999993,"children":null},"AgentAct":{"count":3750151,"self":63.0412672,"total":63.046256699999994,"children":{"AgentInfo.ToProto":{"count":69,"self":0.0009976,"total":0.0049902,"children":{"GenerateSensorData":{"count":69,"self":0.0039926,"total":0.0039926,"children":{"RayPerceptionSensor.Perceive":{"count":69,"self":0,"total":0,"children":null}}}}}}},"AgentInfo.ToProto":{"count":124316,"self":0.77161229999999992,"total":5.6266123,"children":{"GenerateSensorData":{"count":124316,"self":4.5338044,"total":4.8549999999999995,"children":{"RayPerceptionSensor.Perceive":{"count":124316,"self":0.32119549999999997,"total":0.32119549999999997,"children":null}}}}}},"gauges":{"CollabRLCu_Curriculum_Reward_Full.CumulativeReward":{"count":124385,"max":5.959,"min":-0.9999696,"runningAverage":3.81783,"value":3.9380002,"weightedAverage":3.56906271}},"metadata":{"timer_format_version":"0.1.0","start_time_seconds":"1696300631","unity_version":"2021.3.12f1","command_line_arguments":"D:\\Unity Hub\\Editor\\Unity.exe -projectpath D:\\GitHub\\MLAgents_2021 -useHub -hubIPC -cloudEnvironment production","communication_protocol_version":"1.5.0","com.unity.ml-agents_version":"2.3.0-exp.3","scene_name":"Train - Collab RL Cu Curriculum Reward - Full","end_time_seconds":"1696311635"}}