{"count":1,"self":6755.9931904,"total":12654.7139698,"children":{"InitializeActuators":{"count":8,"self":0.0019942,"total":0.0019942,"children":null},"InitializeSensors":{"count":8,"self":0.0039892999999999994,"total":0.0039892999999999994,"children":null},"AgentSendState":{"count":3750334,"self":223.6352512,"total":404.37498919999996,"children":{"CollectObservations":{"count":5000448,"self":7.3817448,"total":7.3817445,"children":null},"WriteActionMask":{"count":5000448,"self":3.4044795999999997,"total":3.4044795,"children":null},"RequestDecision":{"count":5000448,"self":13.153207199999999,"total":169.9535137,"children":{"AgentInfo.ToProto":{"count":5000448,"self":12.743896,"total":156.8003066,"children":{"GenerateSensorData":{"count":5000448,"self":133.2834432,"total":144.05641079999998,"children":{"RayPerceptionSensor.Perceive":{"count":5000448,"self":10.7729696,"total":10.7729695,"children":null}}}}}}}}},"DecideAction":{"count":3750334,"self":5386.5029632,"total":5386.5028028,"children":null},"AgentAct":{"count":3750334,"self":106.0393728,"total":106.10421199999999,"children":{"AgentInfo.ToProto":{"count":1105,"self":0.0086765,"total":0.064841299999999991,"children":{"GenerateSensorData":{"count":1105,"self":0.051616499999999996,"total":0.0561648,"children":{"RayPerceptionSensor.Perceive":{"count":1105,"self":0.0045483,"total":0.0045483,"children":null}}}}}}},"AgentInfo.ToProto":{"count":40349,"self":0.22594619999999999,"total":1.7317148,"children":{"GenerateSensorData":{"count":40349,"self":1.3949726999999998,"total":1.5057686,"children":{"RayPerceptionSensor.Perceive":{"count":40349,"self":0.11079589999999999,"total":0.11079589999999999,"children":null}}}}}},"gauges":{"CollabRLCu.CumulativeReward":{"count":41454,"max":7.905,"min":-0.9999696,"runningAverage":4.55901766,"value":3.878667,"weightedAverage":4.84195948}},"metadata":{"timer_format_version":"0.1.0","start_time_seconds":"1703479283","unity_version":"2021.3.12f1","command_line_arguments":"D:\\Unity Hub\\Editor\\Unity.exe -projectpath D:\\GitHub\\MLAgents_2021 -useHub -hubIPC -cloudEnvironment production","communication_protocol_version":"1.5.0","com.unity.ml-agents_version":"2.3.0-exp.3","scene_name":"Train - Collab RL Cu No Curriculum","end_time_seconds":"1703491938"}}