{"count":1,"self":7847.8721024,"total":13593.7968941,"children":{"InitializeActuators":{"count":8,"self":0.0019946,"total":0.0019946,"children":null},"InitializeSensors":{"count":8,"self":0.0039892,"total":0.0039892,"children":null},"AgentSendState":{"count":3750367,"self":203.74303999999998,"total":446.8182326,"children":{"CollectObservations":{"count":5000496,"self":79.6846592,"total":79.684656199999992,"children":null},"WriteActionMask":{"count":5000496,"self":3.628268,"total":3.6282680999999997,"children":null},"RequestDecision":{"count":5000496,"self":17.718671999999998,"total":159.7622638,"children":{"AgentInfo.ToProto":{"count":5000496,"self":12.8188056,"total":142.0435914,"children":{"GenerateSensorData":{"count":5000496,"self":118.36198399999999,"total":129.22478569999998,"children":{"RayPerceptionSensor.Perceive":{"count":5000496,"self":10.8628016,"total":10.8628015,"children":null}}}}}}}}},"DecideAction":{"count":3750367,"self":5233.2457983999993,"total":5233.2456328,"children":null},"AgentAct":{"count":3750367,"self":64.432665599999993,"total":64.4870889,"children":{"AgentInfo.ToProto":{"count":1881,"self":0.0086883999999999989,"total":0.0544234,"children":{"GenerateSensorData":{"count":1881,"self":0.0437395,"total":0.045735,"children":{"RayPerceptionSensor.Perceive":{"count":1881,"self":0.0019955,"total":0.0019955,"children":null}}}}}}},"AgentInfo.ToProto":{"count":33086,"self":0.20775649999999998,"total":1.3682127,"children":{"GenerateSensorData":{"count":33086,"self":1.0567328,"total":1.1604562,"children":{"RayPerceptionSensor.Perceive":{"count":33086,"self":0.1037234,"total":0.1037234,"children":null}}}}}},"gauges":{"CollabRLCu_Curriculum_ProgressBased_DynamicOnly.CumulativeReward":{"count":34967,"max":7.881667,"min":-0.9999696,"runningAverage":4.37021875,"value":3.89633369,"weightedAverage":4.62947655}},"metadata":{"timer_format_version":"0.1.0","start_time_seconds":"1696283247","unity_version":"2021.3.12f1","command_line_arguments":"D:\\Unity Hub\\Editor\\Unity.exe -projectpath D:\\GitHub\\MLAgents_2021 -useHub -hubIPC -cloudEnvironment production","communication_protocol_version":"1.5.0","com.unity.ml-agents_version":"2.3.0-exp.3","scene_name":"Train - Dynamic Only Progress-Based","end_time_seconds":"1696296841"}}