{"count":1,"self":4199.8471168,"total":10362.2954114,"children":{"InitializeActuators":{"count":8,"self":0.0019947999999999997,"total":0.0019947999999999997,"children":null},"InitializeSensors":{"count":8,"self":0.002992,"total":0.002992,"children":null},"AgentSendState":{"count":3750884,"self":203.9703808,"total":440.1248518,"children":{"CollectObservations":{"count":5001184,"self":78.6837824,"total":78.683782499999992,"children":null},"WriteActionMask":{"count":5001184,"self":3.7056812,"total":3.7056812999999997,"children":null},"RequestDecision":{"count":5001184,"self":13.624739199999999,"total":153.765004,"children":{"AgentInfo.ToProto":{"count":5001184,"self":12.1266968,"total":140.1402642,"children":{"GenerateSensorData":{"count":5001184,"self":117.1762176,"total":128.0135675,"children":{"RayPerceptionSensor.Perceive":{"count":5001184,"self":10.837347999999999,"total":10.837347699999999,"children":null}}}}}}}}},"DecideAction":{"count":3750884,"self":5654.1388799999995,"total":5654.1390181,"children":null},"AgentAct":{"count":3750884,"self":65.500576,"total":65.54245,"children":{"AgentInfo.ToProto":{"count":1118,"self":0.0029928999999999997,"total":0.0418719,"children":{"GenerateSensorData":{"count":1118,"self":0.03489,"total":0.038879,"children":{"RayPerceptionSensor.Perceive":{"count":1118,"self":0.0039889999999999995,"total":0.0039889999999999995,"children":null}}}}}}},"AgentInfo.ToProto":{"count":60893,"self":0.3975628,"total":2.6361612,"children":{"GenerateSensorData":{"count":60893,"self":2.06912,"total":2.2385984,"children":{"RayPerceptionSensor.Perceive":{"count":60893,"self":0.1694783,"total":0.1694783,"children":null}}}}}},"gauges":{"CollabILCu.CumulativeReward":{"count":62011,"max":5.95566654,"min":-0.9999696,"runningAverage":4.47741747,"value":5.837333,"weightedAverage":5.240021}},"metadata":{"timer_format_version":"0.1.0","start_time_seconds":"1695616302","unity_version":"2021.3.12f1","command_line_arguments":"D:\\Unity Hub\\Editor\\Unity.exe -projectpath D:\\GitHub\\MLAgents_2021 -useHub -hubIPC -cloudEnvironment production","communication_protocol_version":"1.5.0","com.unity.ml-agents_version":"2.3.0-exp.3","scene_name":"Train - Collab IL Cu","end_time_seconds":"1695626664"}}