{"count":1,"self":5707.3496064,"total":11210.648830999999,"children":{"InitializeActuators":{"count":8,"self":0.0019923,"total":0.0019923,"children":null},"InitializeSensors":{"count":8,"self":0.0029934,"total":0.0029934,"children":null},"AgentSendState":{"count":3750451,"self":210.6510592,"total":445.1023978,"children":{"CollectObservations":{"count":5000608,"self":83.177759999999992,"total":83.1777611,"children":null},"WriteActionMask":{"count":5000608,"self":3.590156,"total":3.5901560999999997,"children":null},"RequestDecision":{"count":5000608,"self":13.2020808,"total":147.68341759999998,"children":{"AgentInfo.ToProto":{"count":5000608,"self":11.8743936,"total":134.4813365,"children":{"GenerateSensorData":{"count":5000608,"self":112.21441279999999,"total":122.6069433,"children":{"RayPerceptionSensor.Perceive":{"count":5000608,"self":10.3925336,"total":10.392533799999999,"children":null}}}}}}}}},"DecideAction":{"count":3750451,"self":4993.1735039999994,"total":4993.1735542,"children":null},"AgentAct":{"count":3750451,"self":63.0350592,"total":63.08166,"children":{"AgentInfo.ToProto":{"count":1208,"self":0.0073522,"total":0.046603099999999995,"children":{"GenerateSensorData":{"count":1208,"self":0.035253099999999996,"total":0.0392509,"children":{"RayPerceptionSensor.Perceive":{"count":1208,"self":0.0039978,"total":0.0039978,"children":null}}}}}}},"AgentInfo.ToProto":{"count":50128,"self":0.3129189,"total":1.9367751,"children":{"GenerateSensorData":{"count":50128,"self":1.5291858999999999,"total":1.6238561999999999,"children":{"RayPerceptionSensor.Perceive":{"count":50128,"self":0.0946703,"total":0.0946703,"children":null}}}}}},"gauges":{"CollabIL30.CumulativeReward":{"count":51336,"max":7.791999,"min":-0.9999696,"runningAverage":4.82572365,"value":3.88900042,"weightedAverage":4.66737127}},"metadata":{"timer_format_version":"0.1.0","start_time_seconds":"1695775476","unity_version":"2021.3.12f1","command_line_arguments":"C:\\Program Files\\Unity\\Hub\\Editor\\2021.3.12f1\\Editor\\Unity.exe -projectpath D:\\GitHub\\MLAgents_2021 -useHub -hubIPC -cloudEnvironment production","communication_protocol_version":"1.5.0","com.unity.ml-agents_version":"2.3.0-exp.3","scene_name":"Train - Collab IL 30","end_time_seconds":"1695786687"}}