{"count":1,"self":12701.9999232,"total":24845.5504954,"children":{"InitializeActuators":{"count":8,"self":0.0019946,"total":0.0019946,"children":null},"InitializeSensors":{"count":8,"self":0.0029917999999999998,"total":0.0029917999999999998,"children":null},"AgentSendState":{"count":7500601,"self":431.40956159999996,"total":927.6499961,"children":{"CollectObservations":{"count":10000808,"self":168.3456896,"total":168.34568819999998,"children":null},"WriteActionMask":{"count":10000808,"self":8.2352888,"total":8.2352887,"children":null},"RequestDecision":{"count":10000808,"self":27.8328,"total":319.65945389999996,"children":{"AgentInfo.ToProto":{"count":10000808,"self":25.1985584,"total":291.8266543,"children":{"GenerateSensorData":{"count":10000808,"self":244.33671679999998,"total":266.62809649999997,"children":{"RayPerceptionSensor.Perceive":{"count":10000808,"self":22.2913824,"total":22.2913817,"children":null}}}}}}}}},"DecideAction":{"count":7500601,"self":11082.1720064,"total":11082.1723169,"children":null},"AgentAct":{"count":7500601,"self":128.813504,"total":128.8947806,"children":{"AgentInfo.ToProto":{"count":1474,"self":0.0189657,"total":0.0812734,"children":{"GenerateSensorData":{"count":1474,"self":0.060703,"total":0.0623077,"children":{"RayPerceptionSensor.Perceive":{"count":1474,"self":0.0016047,"total":0.0016047,"children":null}}}}}}},"AgentInfo.ToProto":{"count":115195,"self":0.8015093,"total":4.8276927,"children":{"GenerateSensorData":{"count":115195,"self":3.7201275999999996,"total":4.0261834,"children":{"RayPerceptionSensor.Perceive":{"count":115195,"self":0.3060557,"total":0.3060557,"children":null}}}}}},"gauges":{"CollabILCu50.CumulativeReward":{"count":116669,"max":7.87700033,"min":-0.9999696,"runningAverage":5.060073,"value":3.8883338,"weightedAverage":4.471326}},"metadata":{"timer_format_version":"0.1.0","start_time_seconds":"1695797279","unity_version":"2021.3.12f1","command_line_arguments":"D:\\Unity Hub\\Editor\\Unity.exe -projectpath D:\\GitHub\\MLAgents_2021 -useHub -hubIPC -cloudEnvironment production","communication_protocol_version":"1.5.0","com.unity.ml-agents_version":"2.3.0-exp.3","scene_name":"Train - Collab IL Cu 50","end_time_seconds":"1695822124"}}