{
    "name": "root",
    "gauges": {
        "CollabRLCu.Policy.Entropy.mean": {
            "value": 0.16548918187618256,
            "min": 0.16548918187618256,
            "max": 1.499146819114685,
            "count": 166
        },
        "CollabRLCu.Policy.Entropy.sum": {
            "value": 5013.66015625,
            "min": 5013.66015625,
            "max": 46257.67578125,
            "count": 166
        },
        "CollabRLCu.Environment.LessonNumber.room_count.mean": {
            "value": 0.0,
            "min": 0.0,
            "max": 0.0,
            "count": 166
        },
        "CollabRLCu.Environment.LessonNumber.room_count.sum": {
            "value": 0.0,
            "min": 0.0,
            "max": 0.0,
            "count": 166
        },
        "CollabRLCu.Environment.LessonNumber.should_randomize.mean": {
            "value": 0.0,
            "min": 0.0,
            "max": 0.0,
            "count": 166
        },
        "CollabRLCu.Environment.LessonNumber.should_randomize.sum": {
            "value": 0.0,
            "min": 0.0,
            "max": 0.0,
            "count": 166
        },
        "CollabRLCu.Step.mean": {
            "value": 4979930.0,
            "min": 29893.0,
            "max": 4979930.0,
            "count": 166
        },
        "CollabRLCu.Step.sum": {
            "value": 4979930.0,
            "min": 29893.0,
            "max": 4979930.0,
            "count": 166
        },
        "CollabRLCu.Policy.ExtrinsicValueEstimate.mean": {
            "value": 3.477968215942383,
            "min": -0.10633688420057297,
            "max": 3.4904918670654297,
            "count": 166
        },
        "CollabRLCu.Policy.ExtrinsicValueEstimate.sum": {
            "value": 1290.326171875,
            "min": -25.839862823486328,
            "max": 1290.326171875,
            "count": 166
        },
        "CollabRLCu.Policy.CuriosityValueEstimate.mean": {
            "value": 0.03357342258095741,
            "min": -0.15597090125083923,
            "max": 0.43131259083747864,
            "count": 166
        },
        "CollabRLCu.Policy.CuriosityValueEstimate.sum": {
            "value": 12.455739974975586,
            "min": -55.993553161621094,
            "max": 104.8089599609375,
            "count": 166
        },
        "CollabRLCu.Losses.PolicyLoss.mean": {
            "value": 0.09757384583088637,
            "min": 0.09223924713829167,
            "max": 0.10452877554304732,
            "count": 166
        },
        "CollabRLCu.Losses.PolicyLoss.sum": {
            "value": 2.7320676832648183,
            "min": 1.6829438711397804,
            "max": 2.926805715205325,
            "count": 166
        },
        "CollabRLCu.Losses.ValueLoss.mean": {
            "value": 0.06672805292065208,
            "min": 0.0038869581428457255,
            "max": 0.08282271094518925,
            "count": 166
        },
        "CollabRLCu.Losses.ValueLoss.sum": {
            "value": 1.8683854817782584,
            "min": 0.09107579548463944,
            "max": 2.3190359064652992,
            "count": 166
        },
        "CollabRLCu.Policy.LearningRate.mean": {
            "value": 2.085236447811429e-06,
            "min": 2.085236447811429e-06,
            "max": 0.00029900492856698466,
            "count": 166
        },
        "CollabRLCu.Policy.LearningRate.sum": {
            "value": 5.8386620538720004e-05,
            "min": 5.8386620538720004e-05,
            "max": 0.007978256860581059,
            "count": 166
        },
        "CollabRLCu.Policy.Epsilon.mean": {
            "value": 0.10069504571428571,
            "min": 0.10069504571428571,
            "max": 0.19966830941176472,
            "count": 166
        },
        "CollabRLCu.Policy.Epsilon.sum": {
            "value": 2.81946128,
            "min": 2.81946128,
            "max": 5.423605800000002,
            "count": 166
        },
        "CollabRLCu.Policy.Beta.mean": {
            "value": 7.943506685714287e-05,
            "min": 7.943506685714287e-05,
            "max": 0.009966864110235294,
            "count": 166
        },
        "CollabRLCu.Policy.Beta.sum": {
            "value": 0.0022241818720000004,
            "min": 0.0022241818720000004,
            "max": 0.26594595210599997,
            "count": 166
        },
        "CollabRLCu.Losses.CuriosityForwardLoss.mean": {
            "value": 0.015382777899381422,
            "min": 0.015382777899381422,
            "max": 0.29874840439363476,
            "count": 166
        },
        "CollabRLCu.Losses.CuriosityForwardLoss.sum": {
            "value": 0.43071778118267984,
            "min": 0.43071778118267984,
            "max": 5.078722874691791,
            "count": 166
        },
        "CollabRLCu.Losses.CuriosityInverseLoss.mean": {
            "value": 0.014603196828282086,
            "min": 0.013688612875150183,
            "max": 0.6226052363505938,
            "count": 166
        },
        "CollabRLCu.Losses.CuriosityInverseLoss.sum": {
            "value": 0.4088895111918984,
            "min": 0.38328116050420513,
            "max": 10.584289017960096,
            "count": 166
        },
        "CollabRLCu.Environment.EpisodeLength.mean": {
            "value": 93.12962962962963,
            "min": 90.61818181818182,
            "max": 494.2456140350877,
            "count": 166
        },
        "CollabRLCu.Environment.EpisodeLength.sum": {
            "value": 30174.0,
            "min": 28172.0,
            "max": 31082.0,
            "count": 166
        },
        "CollabRLCu.Environment.CumulativeReward.mean": {
            "value": 5.1179937213939555,
            "min": -0.9553509511445698,
            "max": 5.161708303369009,
            "count": 166
        },
        "CollabRLCu.Environment.CumulativeReward.sum": {
            "value": 1632.639997124672,
            "min": -54.45500421524048,
            "max": 1648.763993948698,
            "count": 166
        },
        "CollabRLCu.Policy.ExtrinsicReward.mean": {
            "value": 5.1179937213939555,
            "min": -0.9553509511445698,
            "max": 5.161708303369009,
            "count": 166
        },
        "CollabRLCu.Policy.ExtrinsicReward.sum": {
            "value": 1632.639997124672,
            "min": -54.45500421524048,
            "max": 1648.763993948698,
            "count": 166
        },
        "CollabRLCu.Policy.CuriosityReward.mean": {
            "value": 0.0297406656893122,
            "min": 0.0297406656893122,
            "max": 2.7207167044020535,
            "count": 166
        },
        "CollabRLCu.Policy.CuriosityReward.sum": {
            "value": 9.487272354890592,
            "min": 9.487272354890592,
            "max": 155.08085215091705,
            "count": 166
        },
        "CollabRLCu.IsTraining.mean": {
            "value": 1.0,
            "min": 1.0,
            "max": 1.0,
            "count": 166
        },
        "CollabRLCu.IsTraining.sum": {
            "value": 1.0,
            "min": 1.0,
            "max": 1.0,
            "count": 166
        }
    },
    "metadata": {
        "timer_format_version": "0.1.0",
        "start_time_seconds": "1703479257",
        "python_version": "3.9.18 (main, Sep 11 2023, 14:09:26) [MSC v.1916 64 bit (AMD64)]",
        "command_line_arguments": "C:\\Users\\dhh3hb\\Anaconda3\\envs\\ml-agents-230\\Scripts\\mlagents-learn config/FireAgent_NoCurriculum_RLCu.yaml --run-id CollabRLCu_03 --force",
        "mlagents_version": "0.30.0",
        "mlagents_envs_version": "0.30.0",
        "communication_protocol_version": "1.5.0",
        "pytorch_version": "2.0.1",
        "numpy_version": "1.21.2",
        "end_time_seconds": "1703491937"
    },