{
    "name": "root",
    "gauges": {
        "BasicNavigationJetbot.Policy.Entropy.mean": {
            "value": 0.04479927942156792,
            "min": 0.04458228498697281,
            "max": 1.2506029605865479,
            "count": 100
        },
        "BasicNavigationJetbot.Policy.Entropy.sum": {
            "value": 2229.928955078125,
            "min": 2229.928955078125,
            "max": 64291.0,
            "count": 100
        },
        "BasicNavigationJetbot.Environment.EpisodeLength.mean": {
            "value": 364.55474452554745,
            "min": 363.3768115942029,
            "max": 566.8586956521739,
            "count": 100
        },
        "BasicNavigationJetbot.Environment.EpisodeLength.sum": {
            "value": 49944.0,
            "min": 43751.0,
            "max": 54335.0,
            "count": 100
        },
        "BasicNavigationJetbot.Step.mean": {
            "value": 4999918.0,
            "min": 49973.0,
            "max": 4999918.0,
            "count": 100
        },
        "BasicNavigationJetbot.Step.sum": {
            "value": 4999918.0,
            "min": 49973.0,
            "max": 4999918.0,
            "count": 100
        },
        "BasicNavigationJetbot.Policy.ExtrinsicValueEstimate.mean": {
            "value": 0.18066512048244476,
            "min": 0.03902382776141167,
            "max": 0.2645207941532135,
            "count": 100
        },
        "BasicNavigationJetbot.Policy.ExtrinsicValueEstimate.sum": {
            "value": 83.28662109375,
            "min": 16.468055725097656,
            "max": 119.89762878417969,
            "count": 100
        },
        "BasicNavigationJetbot.Policy.CuriosityValueEstimate.mean": {
            "value": 0.05223056674003601,
            "min": 0.05223056674003601,
            "max": 0.8814162015914917,
            "count": 100
        },
        "BasicNavigationJetbot.Policy.CuriosityValueEstimate.sum": {
            "value": 24.078290939331055,
            "min": 24.078290939331055,
            "max": 371.9576416015625,
            "count": 100
        },
        "BasicNavigationJetbot.Environment.CumulativeReward.mean": {
            "value": 1.3288758911573104,
            "min": 0.32370508786959523,
            "max": 1.3288758911573104,
            "count": 100
        },
        "BasicNavigationJetbot.Environment.CumulativeReward.sum": {
            "value": 182.05599708855152,
            "min": 25.24899685382843,
            "max": 182.05599708855152,
            "count": 100
        },
        "BasicNavigationJetbot.Policy.ExtrinsicReward.mean": {
            "value": 1.3288758911573104,
            "min": 0.32370508786959523,
            "max": 1.3288758911573104,
            "count": 100
        },
        "BasicNavigationJetbot.Policy.ExtrinsicReward.sum": {
            "value": 182.05599708855152,
            "min": 25.24899685382843,
            "max": 182.05599708855152,
            "count": 100
        },
        "BasicNavigationJetbot.Policy.CuriosityReward.mean": {
            "value": 0.18157438450869143,
            "min": 0.18157438450869143,
            "max": 4.5819104590381565,
            "count": 100
        },
        "BasicNavigationJetbot.Policy.CuriosityReward.sum": {
            "value": 24.875690677690727,
            "min": 24.875690677690727,
            "max": 357.3890158049762,
            "count": 100
        },
        "BasicNavigationJetbot.Losses.PolicyLoss.mean": {
            "value": 0.09630487251772432,
            "min": 0.09246446942524351,
            "max": 0.10107933736267684,
            "count": 100
        },
        "BasicNavigationJetbot.Losses.PolicyLoss.sum": {
            "value": 4.333719263297595,
            "min": 3.5013088295237473,
            "max": 4.649649518683135,
            "count": 100
        },
        "BasicNavigationJetbot.Losses.ValueLoss.mean": {
            "value": 0.03404223723142119,
            "min": 0.016769667092853314,
            "max": 0.04633810739566034,
            "count": 100
        },
        "BasicNavigationJetbot.Losses.ValueLoss.sum": {
            "value": 1.5319006754139535,
            "min": 0.7714046862712525,
            "max": 1.621833758848112,
            "count": 100
        },
        "BasicNavigationJetbot.Policy.LearningRate.mean": {
            "value": 1.499200833632888e-06,
            "min": 1.499200833632888e-06,
            "max": 0.00029824405429960114,
            "count": 100
        },
        "BasicNavigationJetbot.Policy.LearningRate.sum": {
            "value": 6.746403751347996e-05,
            "min": 6.746403751347996e-05,
            "max": 0.01329637884787374,
            "count": 100
        },
        "BasicNavigationJetbot.Policy.Epsilon.mean": {
            "value": 0.10049970044444445,
            "min": 0.10049970044444445,
            "max": 0.1994146845714286,
            "count": 100
        },
        "BasicNavigationJetbot.Policy.Epsilon.sum": {
            "value": 4.52248652,
            "min": 4.509874260000001,
            "max": 8.93212626,
            "count": 100
        },
        "BasicNavigationJetbot.Policy.Beta.mean": {
            "value": 5.992007439999998e-05,
            "min": 5.992007439999998e-05,
            "max": 0.009941526988685714,
            "count": 100
        },
        "BasicNavigationJetbot.Policy.Beta.sum": {
            "value": 0.002696403347999999,
            "min": 0.002696403347999999,
            "max": 0.44321941337399995,
            "count": 100
        },
        "BasicNavigationJetbot.Losses.CuriosityForwardLoss.mean": {
            "value": 0.023810521331929874,
            "min": 0.023810521331929874,
            "max": 0.3296875982407312,
            "count": 100
        },
        "BasicNavigationJetbot.Losses.CuriosityForwardLoss.sum": {
            "value": 1.0714734599368443,
            "min": 1.0714734599368443,
            "max": 11.539065938425592,
            "count": 100
        },
        "BasicNavigationJetbot.Losses.CuriosityInverseLoss.mean": {
            "value": 0.012245124342006595,
            "min": 0.012245124342006595,
            "max": 0.7914220332286356,
            "count": 100
        },
        "BasicNavigationJetbot.Losses.CuriosityInverseLoss.sum": {
            "value": 0.5510305953902968,
            "min": 0.5411537550927021,
            "max": 27.699771163002247,
            "count": 100
        },
        "BasicNavigationJetbot.IsTraining.mean": {
            "value": 1.0,
            "min": 1.0,
            "max": 1.0,
            "count": 100
        },
        "BasicNavigationJetbot.IsTraining.sum": {
            "value": 1.0,
            "min": 1.0,
            "max": 1.0,
            "count": 100
        }
    },
    "metadata": {
        "timer_format_version": "0.1.0",
        "start_time_seconds": "1700557073",
        "python_version": "3.9.18 (main, Sep 11 2023, 14:09:26) [MSC v.1916 64 bit (AMD64)]",
        "command_line_arguments": "C:\\Users\\dhh3hb\\Anaconda3\\envs\\ml-agents-230\\Scripts\\mlagents-learn config/BasicNavigationJetbot.yaml --run-id BasicNavigationJetbot_01 --force",
        "mlagents_version": "0.30.0",
        "mlagents_envs_version": "0.30.0",
        "communication_protocol_version": "1.5.0",
        "pytorch_version": "2.0.1",
        "numpy_version": "1.21.2",
        "end_time_seconds": "1700571215"
    },
    "total": 14142.0589482,
    "count": 1,
    "self": 0.009094499999264372,
    "children": {
        "run_training.setup": {
            "total": 0.12462499999999999,
            "count": 1,
            "self": 0.12462499999999999
        },
        "TrainerController.start_learning": {
            "total": 14141.9252287,
            "count": 1,
            "self": 8.213785299836672,
            "children": {
                "TrainerController._reset_env": {
                    "total": 12.2793122,
                    "count": 1,
                    "self": 12.2793122
                },