{
    "name": "root",
    "gauges": {
        "CollabRLCu.Policy.Entropy.mean": {
            "value": 0.23322293162345886,
            "min": 0.2323613464832306,
            "max": 1.5218329429626465,
            "count": 166
        },
        "CollabRLCu.Policy.Entropy.sum": {
            "value": 6994.822265625,
            "min": 6887.9853515625,
            "max": 48820.40234375,
            "count": 166
        },
        "CollabRLCu.Environment.LessonNumber.room_count.mean": {
            "value": 0.0,
            "min": 0.0,
            "max": 0.0,
            "count": 166
        },
        "CollabRLCu.Environment.LessonNumber.room_count.sum": {
            "value": 0.0,
            "min": 0.0,
            "max": 0.0,
            "count": 166
        },
        "CollabRLCu.Environment.LessonNumber.should_randomize.mean": {
            "value": 0.0,
            "min": 0.0,
            "max": 0.0,
            "count": 166
        },
        "CollabRLCu.Environment.LessonNumber.should_randomize.sum": {
            "value": 0.0,
            "min": 0.0,
            "max": 0.0,
            "count": 166
        },
        "CollabRLCu.Step.mean": {
            "value": 4979991.0,
            "min": 29980.0,
            "max": 4979991.0,
            "count": 166
        },
        "CollabRLCu.Step.sum": {
            "value": 4979991.0,
            "min": 29980.0,
            "max": 4979991.0,
            "count": 166
        },
        "CollabRLCu.Policy.ExtrinsicValueEstimate.mean": {
            "value": 2.7517244815826416,
            "min": -0.19606448709964752,
            "max": 2.7517244815826416,
            "count": 166
        },
        "CollabRLCu.Policy.ExtrinsicValueEstimate.sum": {
            "value": 1004.37939453125,
            "min": -47.055477142333984,
            "max": 1004.37939453125,
            "count": 166
        },
        "CollabRLCu.Policy.CuriosityValueEstimate.mean": {
            "value": 0.05731707066297531,
            "min": 0.0485818013548851,
            "max": 0.3777810037136078,
            "count": 166
        },
        "CollabRLCu.Policy.CuriosityValueEstimate.sum": {
            "value": 20.920730590820312,
            "min": 15.623082160949707,
            "max": 91.80078125,
            "count": 166
        },
        "CollabRLCu.Environment.EpisodeLength.mean": {
            "value": 102.63414634146342,
            "min": 102.63414634146342,
            "max": 499.0,
            "count": 166
        },
        "CollabRLCu.Environment.EpisodeLength.sum": {
            "value": 29456.0,
            "min": 27910.0,
            "max": 31589.0,
            "count": 166
        },
        "CollabRLCu.Losses.PolicyLoss.mean": {
            "value": 0.09826906716038704,
            "min": 0.09347330526674459,
            "max": 0.10468122960694905,
            "count": 166
        },
        "CollabRLCu.Losses.PolicyLoss.sum": {
            "value": 2.751533880490837,
            "min": 1.559025118970027,
            "max": 2.885041197825808,
            "count": 166
        },
        "CollabRLCu.Losses.ValueLoss.mean": {
            "value": 0.07958518055004149,
            "min": 4.344910858231173e-05,
            "max": 0.1073439411147543,
            "count": 166
        },
        "CollabRLCu.Losses.ValueLoss.sum": {
            "value": 2.2283850554011617,
            "min": 0.001129676823140105,
            "max": 2.9008076553495243,
            "count": 166
        },
        "CollabRLCu.Policy.LearningRate.mean": {
            "value": 2.112765724349284e-06,
            "min": 2.112765724349284e-06,
            "max": 0.00029903851632049467,
            "count": 166
        },
        "CollabRLCu.Policy.LearningRate.sum": {
            "value": 5.915744028177995e-05,
            "min": 5.915744028177995e-05,
            "max": 0.007978574800475079,
            "count": 166
        },
        "CollabRLCu.Policy.Epsilon.mean": {
            "value": 0.10070422214285715,
            "min": 0.10070422214285715,
            "max": 0.19967950533333337,
            "count": 166
        },
        "CollabRLCu.Policy.Epsilon.sum": {
            "value": 2.8197182200000004,
            "min": 2.7674949400000006,
            "max": 5.35952492,
            "count": 166
        },
        "CollabRLCu.Policy.Beta.mean": {
            "value": 8.035179207142854e-05,
            "min": 8.035179207142854e-05,
            "max": 0.0099679825828,
            "count": 166
        },
        "CollabRLCu.Policy.Beta.sum": {
            "value": 0.002249850177999999,
            "min": 0.002249850177999999,
            "max": 0.265956539508,
            "count": 166
        },
        "CollabRLCu.Losses.CuriosityForwardLoss.mean": {
            "value": 0.016877297658943805,
            "min": 0.016877297658943805,
            "max": 0.307073113372452,
            "count": 166
        },
        "CollabRLCu.Losses.CuriosityForwardLoss.sum": {
            "value": 0.47256433445042656,
            "min": 0.47256433445042656,
            "max": 4.606096700586781,
            "count": 166
        },
        "CollabRLCu.Losses.CuriosityInverseLoss.mean": {
            "value": 0.012205403444467747,
            "min": 0.0121478742454621,
            "max": 0.6208893734077061,
            "count": 166
        },
        "CollabRLCu.Losses.CuriosityInverseLoss.sum": {
            "value": 0.34175129644509694,
            "min": 0.3401404788729388,
            "max": 9.313340601115591,
            "count": 166
        },
        "CollabRLCu.Environment.CumulativeReward.mean": {
            "value": 4.242244736297981,
            "min": -0.9991323441740066,
            "max": 4.381620044242524,
            "count": 166
        },
        "CollabRLCu.Environment.CumulativeReward.sum": {
            "value": 1213.2819945812225,
            "min": -62.94533768296242,
            "max": 1222.4719923436642,
            "count": 166
        },
        "CollabRLCu.Policy.ExtrinsicReward.mean": {
            "value": 4.242244736297981,
            "min": -0.9991323441740066,
            "max": 4.381620044242524,
            "count": 166
        },
        "CollabRLCu.Policy.ExtrinsicReward.sum": {
            "value": 1213.2819945812225,
            "min": -62.94533768296242,
            "max": 1222.4719923436642,
            "count": 166
        },
        "CollabRLCu.Policy.CuriosityReward.mean": {
            "value": 0.035933668953850965,
            "min": 0.035933668953850965,
            "max": 2.619767924899171,
            "count": 166
        },
        "CollabRLCu.Policy.CuriosityReward.sum": {
            "value": 10.277029320801375,
            "min": 10.277029320801375,
            "max": 151.94653964415193,
            "count": 166
        },
        "CollabRLCu.IsTraining.mean": {
            "value": 1.0,
            "min": 1.0,
            "max": 1.0,
            "count": 166
        },
        "CollabRLCu.IsTraining.sum": {
            "value": 1.0,
            "min": 1.0,
            "max": 1.0,
            "count": 166
        }
    },
    "metadata": {
        "timer_format_version": "0.1.0",
        "start_time_seconds": "1695945800",
        "python_version": "3.9.18 (main, Sep 11 2023, 14:09:26) [MSC v.1916 64 bit (AMD64)]",
        "command_line_arguments": "C:\\Users\\dhh3hb\\Anaconda3\\envs\\ml-agents-230\\Scripts\\mlagents-learn D:\\GitHub\\MLAgents_2021\\config/FireAgent_NoCurriculum.yaml --run-id RL_Cu_NoCurriculum_10M_01 --force",
        "mlagents_version": "0.30.0",
        "mlagents_envs_version": "0.30.0",
        "communication_protocol_version": "1.5.0",
        "pytorch_version": "2.0.1",
        "numpy_version": "1.21.2",
        "end_time_seconds": "1695957649"
    },
    "total": 11849.1693883,
    "count": 1,
    "self": 0.010743099999672268,
    "children": {
        "run_training.setup": {
            "total": 0.1111781999999999,
            "count": 1,