{
    "name": "root",
    "gauges": {
        "BasicNavigationJetbot.Policy.Entropy.mean": {
            "value": 0.3651590347290039,
            "min": 0.22166094183921814,
            "max": 1.1821054220199585,
            "count": 8
        },
        "BasicNavigationJetbot.Policy.Entropy.sum": {
            "value": 18257.951171875,
            "min": 10923.451171875,
            "max": 60826.4140625,
            "count": 8
        },
        "BasicNavigationJetbot.Step.mean": {
            "value": 399997.0,
            "min": 49930.0,
            "max": 399997.0,
            "count": 8
        },
        "BasicNavigationJetbot.Step.sum": {
            "value": 399997.0,
            "min": 49930.0,
            "max": 399997.0,
            "count": 8
        },
        "BasicNavigationJetbot.Policy.ExtrinsicValueEstimate.mean": {
            "value": 1.1288179159164429,
            "min": -0.002279241569340229,
            "max": 1.1734832525253296,
            "count": 8
        },
        "BasicNavigationJetbot.Policy.ExtrinsicValueEstimate.sum": {
            "value": 682.934814453125,
            "min": -0.9777946472167969,
            "max": 714.6513061523438,
            "count": 8
        },
        "BasicNavigationJetbot.Policy.CuriosityValueEstimate.mean": {
            "value": 0.18417160212993622,
            "min": 0.15809772908687592,
            "max": 0.8924399614334106,
            "count": 8
        },
        "BasicNavigationJetbot.Policy.CuriosityValueEstimate.sum": {
            "value": 111.42382049560547,
            "min": 96.2815170288086,
            "max": 416.710693359375,
            "count": 8
        },
        "BasicNavigationJetbot.Losses.PolicyLoss.mean": {
            "value": 0.1021292501124196,
            "min": 0.09546164161584532,
            "max": 0.1021292501124196,
            "count": 8
        },
        "BasicNavigationJetbot.Losses.PolicyLoss.sum": {
            "value": 4.595816255058883,
            "min": 3.326934194012114,
            "max": 4.595816255058883,
            "count": 8
        },
        "BasicNavigationJetbot.Losses.ValueLoss.mean": {
            "value": 0.016679170363692312,
            "min": 0.014257984805724473,
            "max": 0.04826740871205918,
            "count": 8
        },
        "BasicNavigationJetbot.Losses.ValueLoss.sum": {
            "value": 0.7505626663661541,
            "min": 0.6273513314518768,
            "max": 1.641091896210012,
            "count": 8
        },
        "BasicNavigationJetbot.Policy.LearningRate.mean": {
            "value": 0.00027750823549725726,
            "min": 0.00027750823549725726,
            "max": 0.00029835297231371527,
            "count": 8
        },
        "BasicNavigationJetbot.Policy.LearningRate.sum": {
            "value": 0.012487870597376577,
            "min": 0.01014400105866632,
            "max": 0.013028673997108718,
            "count": 8
        },
        "BasicNavigationJetbot.Policy.Epsilon.mean": {
            "value": 0.19250274266666673,
            "min": 0.19250274266666673,
            "max": 0.1994509905882353,
            "count": 8
        },
        "BasicNavigationJetbot.Policy.Epsilon.sum": {
            "value": 8.662623420000003,
            "min": 6.7813336799999995,
            "max": 8.842891280000002,
            "count": 8
        },
        "BasicNavigationJetbot.Policy.Beta.mean": {
            "value": 0.009251023992400001,
            "min": 0.009251023992400001,
            "max": 0.009945153959764707,
            "count": 8
        },
        "BasicNavigationJetbot.Policy.Beta.sum": {
            "value": 0.41629607965800003,
            "min": 0.338135234632,
            "max": 0.434304838872,
            "count": 8
        },
        "BasicNavigationJetbot.Losses.CuriosityForwardLoss.mean": {
            "value": 0.03429815132931951,
            "min": 0.031081968526224715,
            "max": 0.3389730528595018,
            "count": 8
        },
        "BasicNavigationJetbot.Losses.CuriosityForwardLoss.sum": {
            "value": 1.543416809819378,
            "min": 1.3676066151538875,
            "max": 11.525083797223061,
            "count": 8
        },
        "BasicNavigationJetbot.Losses.CuriosityInverseLoss.mean": {
            "value": 0.05511799625766275,
            "min": 0.02936943584000301,
            "max": 0.44471737413641915,
            "count": 8
        },
        "BasicNavigationJetbot.Losses.CuriosityInverseLoss.sum": {
            "value": 2.4803098315948238,
            "min": 1.2922551769601325,
            "max": 15.120390720638252,
            "count": 8
        },
        "BasicNavigationJetbot.Environment.EpisodeLength.mean": {
            "value": 122.07960199004975,
            "min": 122.07960199004975,
            "max": 500.6421052631579,
            "count": 8
        },
        "BasicNavigationJetbot.Environment.EpisodeLength.sum": {
            "value": 49076.0,
            "min": 47561.0,
            "max": 51405.0,
            "count": 8
        },
        "BasicNavigationJetbot.Environment.CumulativeReward.mean": {
            "value": 1.852128071627887,
            "min": -1.4938386068228753,
            "max": 1.8610671584434177,
            "count": 8
        },
        "BasicNavigationJetbot.Environment.CumulativeReward.sum": {
            "value": 751.9639970809221,
            "min": -138.9269904345274,
            "max": 751.9639970809221,
            "count": 8
        },
        "BasicNavigationJetbot.Policy.ExtrinsicReward.mean": {
            "value": 1.852128071627887,
            "min": -1.4938386068228753,
            "max": 1.8610671584434177,
            "count": 8
        },
        "BasicNavigationJetbot.Policy.ExtrinsicReward.sum": {
            "value": 751.9639970809221,
            "min": -138.9269904345274,
            "max": 751.9639970809221,
            "count": 8
        },
        "BasicNavigationJetbot.Policy.CuriosityReward.mean": {
            "value": 0.09020492603819992,
            "min": 0.08019421668781143,
            "max": 4.749549509246423,
            "count": 8
        },
        "BasicNavigationJetbot.Policy.CuriosityReward.sum": {
            "value": 36.623199971509166,
            "min": 32.2380751085002,
            "max": 441.70810435991734,
            "count": 8
        },
        "BasicNavigationJetbot.IsTraining.mean": {
            "value": 1.0,
            "min": 1.0,
            "max": 1.0,
            "count": 8
        },
        "BasicNavigationJetbot.IsTraining.sum": {
            "value": 1.0,
            "min": 1.0,
            "max": 1.0,
            "count": 8
        }
    },
    "metadata": {
        "timer_format_version": "0.1.0",
        "start_time_seconds": "1700720029",
        "python_version": "3.9.18 (main, Sep 11 2023, 14:09:26) [MSC v.1916 64 bit (AMD64)]",
        "command_line_arguments": "C:\\Users\\dhh3hb\\Anaconda3\\envs\\ml-agents-230\\Scripts\\mlagents-learn config/BasicNavigationJetbot.yaml --run-id BasicNavigationJetbot_02 --force",
        "mlagents_version": "0.30.0",
        "mlagents_envs_version": "0.30.0",
        "communication_protocol_version": "1.5.0",
        "pytorch_version": "2.0.1",
        "numpy_version": "1.21.2",
        "end_time_seconds": "1700721028"
    },
    "total": 998.2859346,
    "count": 1,
    "self": 0.00664110000002438,
    "children": {
        "run_training.setup": {
            "total": 0.10719209999999979,
            "count": 1,
            "self": 0.10719209999999979
        },
        "TrainerController.start_learning": {
            "total": 998.1721014,
            "count": 1,
            "self": 0.8223111000029348,
            "children": {
                "TrainerController._reset_env": {
                    "total": 11.106855999999999,
                    "count": 1,
                    "self": 11.106855999999999
                },