{
    "name": "root",
    "gauges": {
        "CollabIL30.Policy.Entropy.mean": {
            "value": 0.1640794724225998,
            "min": 0.07791449874639511,
            "max": 0.8509222269058228,
            "count": 166
        },
        "CollabIL30.Policy.Entropy.sum": {
            "value": 4909.2578125,
            "min": 2404.1298828125,
            "max": 25609.35546875,
            "count": 166
        },
        "CollabIL30.Step.mean": {
            "value": 4979954.0,
            "min": 29920.0,
            "max": 4979954.0,
            "count": 166
        },
        "CollabIL30.Step.sum": {
            "value": 4979954.0,
            "min": 29920.0,
            "max": 4979954.0,
            "count": 166
        },
        "CollabIL30.Policy.ExtrinsicValueEstimate.mean": {
            "value": 3.654043197631836,
            "min": -0.20065361261367798,
            "max": 3.710834503173828,
            "count": 166
        },
        "CollabIL30.Policy.ExtrinsicValueEstimate.sum": {
            "value": 1582.20068359375,
            "min": -48.280242919921875,
            "max": 1582.20068359375,
            "count": 166
        },
        "CollabIL30.Policy.GailValueEstimate.mean": {
            "value": 0.0008975972305051982,
            "min": 0.00026925880229100585,
            "max": 0.18764382600784302,
            "count": 166
        },
        "CollabIL30.Policy.GailValueEstimate.sum": {
            "value": 0.38865959644317627,
            "min": 0.10231834650039673,
            "max": 45.03451919555664,
            "count": 166
        },
        "CollabIL30.Environment.EpisodeLength.mean": {
            "value": 70.19431279620854,
            "min": 70.19431279620854,
            "max": 499.0,
            "count": 166
        },
        "CollabIL30.Environment.EpisodeLength.sum": {
            "value": 29622.0,
            "min": 27944.0,
            "max": 31936.0,
            "count": 166
        },
        "CollabIL30.Losses.PolicyLoss.mean": {
            "value": 0.07069695279295998,
            "min": 0.06386384332879623,
            "max": 0.07514089126128794,
            "count": 166
        },
        "CollabIL30.Losses.PolicyLoss.sum": {
            "value": 0.9897573391014398,
            "min": 0.6427284777619998,
            "max": 1.0748989811268697,
            "count": 166
        },
        "CollabIL30.Losses.ValueLoss.mean": {
            "value": 0.03815861354814842,
            "min": 6.130265770436034e-05,
            "max": 0.0793267966248095,
            "count": 166
        },
        "CollabIL30.Losses.ValueLoss.sum": {
            "value": 0.5342205896740779,
            "min": 0.0007969345501566843,
            "max": 1.1899019493721426,
            "count": 166
        },
        "CollabIL30.Policy.LearningRate.mean": {
            "value": 2.097437872315713e-06,
            "min": 2.097437872315713e-06,
            "max": 0.0002990976003008,
            "count": 166
        },
        "CollabIL30.Policy.LearningRate.sum": {
            "value": 2.936413021241998e-05,
            "min": 2.936413021241998e-05,
            "max": 0.00400066438644526,
            "count": 166
        },
        "CollabIL30.Policy.Epsilon.mean": {
            "value": 0.10069911285714288,
            "min": 0.10069911285714288,
            "max": 0.19969920000000002,
            "count": 166
        },
        "CollabIL30.Policy.Epsilon.sum": {
            "value": 1.4097875800000004,
            "min": 1.4097875800000004,
            "max": 2.8335547400000007,
            "count": 166
        },
        "CollabIL30.Policy.Beta.mean": {
            "value": 7.984137442857138e-05,
            "min": 7.984137442857138e-05,
            "max": 0.00996995008,
            "count": 166
        },
        "CollabIL30.Policy.Beta.sum": {
            "value": 0.0011177792419999994,
            "min": 0.0011177792419999994,
            "max": 0.133372118526,
            "count": 166
        },
        "CollabIL30.Policy.GAILPolicyEstimate.mean": {
            "value": 0.007543946074152008,
            "min": 0.006906278121257653,
            "max": 0.12010727619244384,
            "count": 166
        },
        "CollabIL30.Policy.GAILPolicyEstimate.sum": {
            "value": 0.10561524503812811,
            "min": 0.10287705023226106,
            "max": 1.342515167916602,
            "count": 166
        },
        "CollabIL30.Policy.GAILExpertEstimate.mean": {
            "value": 0.9936965792661621,
            "min": 0.8266233584923062,
            "max": 0.9946930724866584,
            "count": 166
        },
        "CollabIL30.Policy.GAILExpertEstimate.sum": {
            "value": 13.911752109726269,
            "min": 7.439610226430755,
            "max": 14.919388368725777,
            "count": 166
        },
        "CollabIL30.Losses.GAILLoss.mean": {
            "value": 0.017677499011153404,
            "min": 0.015931192532944907,
            "max": 0.3663187976306683,
            "count": 166
        },
        "CollabIL30.Losses.GAILLoss.sum": {
            "value": 0.24748498615614764,
            "min": 0.2314229360369306,
            "max": 3.296869178676015,
            "count": 166
        },
        "CollabIL30.Policy.GAILGradMagLoss.mean": {
            "value": 0.005265452713631799,
            "min": 0.004760275657827151,
            "max": 1.5216427259587084,
            "count": 166
        },
        "CollabIL30.Policy.GAILGradMagLoss.sum": {
            "value": 0.07371633799084519,
            "min": 0.07140413486740727,
            "max": 13.694784533628376,
            "count": 166
        },
        "CollabIL30.Losses.PretrainingLoss.mean": {
            "value": 0.0,
            "min": 0.0,
            "max": 0.9822147067314313,
            "count": 166
        },
        "CollabIL30.Losses.PretrainingLoss.sum": {
            "value": 0.0,
            "min": 0.0,
            "max": 8.839932360582882,
            "count": 166
        },
        "CollabIL30.Environment.CumulativeReward.mean": {
            "value": 5.063663500392042,
            "min": -1.000000074505806,
            "max": 5.256902365146652,
            "count": 166
        },
        "CollabIL30.Environment.CumulativeReward.sum": {
            "value": 2136.8659971654415,
            "min": -63.99733805656433,
            "max": 2136.8659971654415,
            "count": 166
        },
        "CollabIL30.Policy.ExtrinsicReward.mean": {
            "value": 5.063663500392042,
            "min": -1.000000074505806,
            "max": 5.256902365146652,
            "count": 166
        },
        "CollabIL30.Policy.ExtrinsicReward.sum": {
            "value": 2136.8659971654415,
            "min": -63.99733805656433,
            "max": 2136.8659971654415,
            "count": 166
        },
        "CollabIL30.Policy.GailReward.mean": {
            "value": 0.008218765475547184,
            "min": 0.0073799212687075,
            "max": 1.0936542174978447,
            "count": 166
        },
        "CollabIL30.Policy.GailReward.sum": {
            "value": 3.4683190306809117,
            "min": 2.89292913733334,
            "max": 61.24463617987931,
            "count": 166
        },
        "CollabIL30.IsTraining.mean": {
            "value": 1.0,
            "min": 1.0,
            "max": 1.0,
            "count": 166
        },
        "CollabIL30.IsTraining.sum": {
            "value": 1.0,
            "min": 1.0,
            "max": 1.0,
            "count": 166
        }
    },
    "metadata": {
        "timer_format_version": "0.1.0",
        "start_time_seconds": "1695775458",
        "python_version": "3.9.18 (main, Sep 11 2023, 14:09:26) [MSC v.1916 64 bit (AMD64)]",
        "command_line_arguments": "C:\\Users\\dhh3hb\\Anaconda3\\envs\\ml-agents-230\\Scripts\\mlagents-learn config/DynamicHallwayFireCollab.yaml --run-id CollabIL_30_01 --force",
        "mlagents_version": "0.30.0",