{
    "name": "root",
    "gauges": {
        "CollabRLCu.Policy.Entropy.mean": {
            "value": 0.17683574557304382,
            "min": 0.1701464056968689,
            "max": 1.540346384048462,
            "count": 166
        },
        "CollabRLCu.Policy.Entropy.sum": {
            "value": 5394.19775390625,
            "min": 5100.30859375,
            "max": 47257.828125,
            "count": 166
        },
        "CollabRLCu.Environment.LessonNumber.room_count.mean": {
            "value": 0.0,
            "min": 0.0,
            "max": 0.0,
            "count": 166
        },
        "CollabRLCu.Environment.LessonNumber.room_count.sum": {
            "value": 0.0,
            "min": 0.0,
            "max": 0.0,
            "count": 166
        },
        "CollabRLCu.Environment.LessonNumber.should_randomize.mean": {
            "value": 0.0,
            "min": 0.0,
            "max": 0.0,
            "count": 166
        },
        "CollabRLCu.Environment.LessonNumber.should_randomize.sum": {
            "value": 0.0,
            "min": 0.0,
            "max": 0.0,
            "count": 166
        },
        "CollabRLCu.Step.mean": {
            "value": 4979962.0,
            "min": 29915.0,
            "max": 4979962.0,
            "count": 166
        },
        "CollabRLCu.Step.sum": {
            "value": 4979962.0,
            "min": 29915.0,
            "max": 4979962.0,
            "count": 166
        },
        "CollabRLCu.Policy.ExtrinsicValueEstimate.mean": {
            "value": 3.586534261703491,
            "min": -0.17520222067832947,
            "max": 3.635596990585327,
            "count": 166
        },
        "CollabRLCu.Policy.ExtrinsicValueEstimate.sum": {
            "value": 1438.2001953125,
            "min": -42.22373580932617,
            "max": 1480.883544921875,
            "count": 166
        },
        "CollabRLCu.Policy.CuriosityValueEstimate.mean": {
            "value": 0.03956553712487221,
            "min": 0.0005182700697332621,
            "max": 0.4001023769378662,
            "count": 166
        },
        "CollabRLCu.Policy.CuriosityValueEstimate.sum": {
            "value": 15.865779876708984,
            "min": 0.20471668243408203,
            "max": 97.6249771118164,
            "count": 166
        },
        "CollabRLCu.Losses.PolicyLoss.mean": {
            "value": 0.09570196335966825,
            "min": 0.0931068066172028,
            "max": 0.10509627267415013,
            "count": 166
        },
        "CollabRLCu.Losses.PolicyLoss.sum": {
            "value": 2.7753569374303795,
            "min": 2.082249822027168,
            "max": 2.9111300947865946,
            "count": 166
        },
        "CollabRLCu.Losses.ValueLoss.mean": {
            "value": 0.0609821004601305,
            "min": 0.0005529945294394657,
            "max": 0.08511602699312901,
            "count": 166
        },
        "CollabRLCu.Losses.ValueLoss.sum": {
            "value": 1.7684809133437844,
            "min": 0.014377857765426107,
            "max": 2.324744870306666,
            "count": 166
        },
        "CollabRLCu.Policy.LearningRate.mean": {
            "value": 2.098458610891723e-06,
            "min": 2.098458610891723e-06,
            "max": 0.00029896327748843145,
            "count": 166
        },
        "CollabRLCu.Policy.LearningRate.sum": {
            "value": 6.085529971585997e-05,
            "min": 6.085529971585997e-05,
            "max": 0.00802706450431184,
            "count": 166
        },
        "CollabRLCu.Policy.Epsilon.mean": {
            "value": 0.10069945310344829,
            "min": 0.10069945310344829,
            "max": 0.19965442571428574,
            "count": 166
        },
        "CollabRLCu.Policy.Epsilon.sum": {
            "value": 2.92028414,
            "min": 2.8367140400000004,
            "max": 5.37568816,
            "count": 166
        },
        "CollabRLCu.Policy.Beta.mean": {
            "value": 7.987536503448273e-05,
            "min": 7.987536503448273e-05,
            "max": 0.009965477128857144,
            "count": 166
        },
        "CollabRLCu.Policy.Beta.sum": {
            "value": 0.002316385585999999,
            "min": 0.002316385585999999,
            "max": 0.267571247184,
            "count": 166
        },
        "CollabRLCu.Losses.CuriosityForwardLoss.mean": {
            "value": 0.019040293263517354,
            "min": 0.019040293263517354,
            "max": 0.2938535434061207,
            "count": 166
        },
        "CollabRLCu.Losses.CuriosityForwardLoss.sum": {
            "value": 0.5521685046420033,
            "min": 0.5394230388657318,
            "max": 6.170924411528534,
            "count": 166
        },
        "CollabRLCu.Losses.CuriosityInverseLoss.mean": {
            "value": 0.018865733851328254,
            "min": 0.01619585870931144,
            "max": 0.6241003701851834,
            "count": 166
        },
        "CollabRLCu.Losses.CuriosityInverseLoss.sum": {
            "value": 0.5471062816885194,
            "min": 0.4534840438607203,
            "max": 13.106107773888851,
            "count": 166
        },
        "CollabRLCu.Environment.EpisodeLength.mean": {
            "value": 78.27604166666667,
            "min": 75.64194373401534,
            "max": 497.655737704918,
            "count": 166
        },
        "CollabRLCu.Environment.EpisodeLength.sum": {
            "value": 30058.0,
            "min": 28308.0,
            "max": 30825.0,
            "count": 166
        },
        "CollabRLCu.Environment.CumulativeReward.mean": {
            "value": 5.134777768736794,
            "min": -0.9319355523874683,
            "max": 5.209542553475562,
            "count": 166
        },
        "CollabRLCu.Environment.CumulativeReward.sum": {
            "value": 1940.945996582508,
            "min": -57.78000424802303,
            "max": 1998.67999330163,
            "count": 166
        },
        "CollabRLCu.Policy.ExtrinsicReward.mean": {
            "value": 5.134777768736794,
            "min": -0.9319355523874683,
            "max": 5.209542553475562,
            "count": 166
        },
        "CollabRLCu.Policy.ExtrinsicReward.sum": {
            "value": 1940.945996582508,
            "min": -57.78000424802303,
            "max": 1998.67999330163,
            "count": 166
        },
        "CollabRLCu.Policy.CuriosityReward.mean": {
            "value": 0.030895341011244686,
            "min": 0.030381757768378155,
            "max": 2.6521923080857457,
            "count": 166
        },
        "CollabRLCu.Policy.CuriosityReward.sum": {
            "value": 11.678438902250491,
            "min": 11.678438902250491,
            "max": 153.82715386897326,
            "count": 166
        },
        "CollabRLCu.IsTraining.mean": {
            "value": 1.0,
            "min": 1.0,
            "max": 1.0,
            "count": 166
        },
        "CollabRLCu.IsTraining.sum": {
            "value": 1.0,
            "min": 1.0,
            "max": 1.0,
            "count": 166
        }
    },
    "metadata": {
        "timer_format_version": "0.1.0",
        "start_time_seconds": "1695862902",
        "python_version": "3.9.18 (main, Sep 11 2023, 14:09:26) [MSC v.1916 64 bit (AMD64)]",
        "command_line_arguments": "C:\\Users\\dhh3hb\\Anaconda3\\envs\\ml-agents-230\\Scripts\\mlagents-learn D:\\GitHub\\MLAgents_2021\\config/FireAgent_Curriculum.yaml --run-id RL_Cu_Curriculum_01 --force",
        "mlagents_version": "0.30.0",
        "mlagents_envs_version": "0.30.0",
        "communication_protocol_version": "1.5.0",
        "pytorch_version": "2.0.1",
        "numpy_version": "1.21.2",
        "end_time_seconds": "1695877645"
    },
    "total": 14742.8616021,
    "count": 1,
    "self": 0.0244777999996586,
    "children": {
        "run_training.setup": {
            "total": 0.1284668,
            "count": 1,
            "self": 0.1284668
        },