{
    "name": "root",
    "gauges": {
        "CollabRLCu_NoLearning.Policy.Entropy.mean": {
            "value": 0.13992257416248322,
            "min": 0.13637803494930267,
            "max": 0.15240783989429474,
            "count": 17
        },
        "CollabRLCu_NoLearning.Policy.Entropy.sum": {
            "value": 4052.15771484375,
            "min": 1625.9637451171875,
            "max": 4602.53662109375,
            "count": 17
        },
        "CollabRLCu_NoLearning.Environment.EpisodeLength.mean": {
            "value": 91.0673076923077,
            "min": 88.98533724340176,
            "max": 97.54952076677316,
            "count": 17
        },
        "CollabRLCu_NoLearning.Environment.EpisodeLength.sum": {
            "value": 28413.0,
            "min": 10445.0,
            "max": 30599.0,
            "count": 17
        },
        "CollabRLCu_NoLearning.Step.mean": {
            "value": 5489877.0,
            "min": 5009940.0,
            "max": 5489877.0,
            "count": 17
        },
        "CollabRLCu_NoLearning.Step.sum": {
            "value": 5489877.0,
            "min": 5009940.0,
            "max": 5489877.0,
            "count": 17
        },
        "CollabRLCu_NoLearning.Policy.ExtrinsicValueEstimate.mean": {
            "value": 2.700725793838501,
            "min": 2.5602853298187256,
            "max": 2.7921814918518066,
            "count": 17
        },
        "CollabRLCu_NoLearning.Policy.ExtrinsicValueEstimate.sum": {
            "value": 1015.472900390625,
            "min": 309.7945251464844,
            "max": 1052.6524658203125,
            "count": 17
        },
        "CollabRLCu_NoLearning.Policy.CuriosityValueEstimate.mean": {
            "value": 0.03033256344497204,
            "min": 0.029952876269817352,
            "max": 0.031015006825327873,
            "count": 17
        },
        "CollabRLCu_NoLearning.Policy.CuriosityValueEstimate.sum": {
            "value": 11.405043601989746,
            "min": 3.7528157234191895,
            "max": 11.628740310668945,
            "count": 17
        },
        "CollabRLCu_NoLearning.Environment.CumulativeReward.mean": {
            "value": 4.779333307511276,
            "min": 4.672679237880796,
            "max": 4.920424986537546,
            "count": 17
        },
        "CollabRLCu_NoLearning.Environment.CumulativeReward.sum": {
            "value": 1548.5039916336536,
            "min": 495.30399921536446,
            "max": 1606.3719975054264,
            "count": 17
        },
        "CollabRLCu_NoLearning.Policy.ExtrinsicReward.mean": {
            "value": 4.779333307511276,
            "min": 4.672679237880796,
            "max": 4.920424986537546,
            "count": 17
        },
        "CollabRLCu_NoLearning.Policy.ExtrinsicReward.sum": {
            "value": 1548.5039916336536,
            "min": 495.30399921536446,
            "max": 1606.3719975054264,
            "count": 17
        },
        "CollabRLCu_NoLearning.Policy.CuriosityReward.mean": {
            "value": 0.03472825526639806,
            "min": 0.029981540643416765,
            "max": 0.037617969735035076,
            "count": 17
        },
        "CollabRLCu_NoLearning.Policy.CuriosityReward.sum": {
            "value": 11.251954706312972,
            "min": 3.1780433082021773,
            "max": 12.019573477096856,
            "count": 17
        },
        "CollabRLCu_NoLearning.Losses.PolicyLoss.mean": {
            "value": 0.09832129261313283,
            "min": 0.09537495506345624,
            "max": 0.10154737599800565,
            "count": 17
        },
        "CollabRLCu_NoLearning.Losses.PolicyLoss.sum": {
            "value": 1.8681045596495236,
            "min": 0.7776533513574078,
            "max": 2.030947519960113,
            "count": 17
        },
        "CollabRLCu_NoLearning.Losses.ValueLoss.mean": {
            "value": 0.12545300318855931,
            "min": 0.11014132727378989,
            "max": 0.13715806425361474,
            "count": 17
        },
        "CollabRLCu_NoLearning.Losses.ValueLoss.sum": {
            "value": 2.383607060582627,
            "min": 1.061350896159218,
            "max": 2.743161285072295,
            "count": 17
        },
        "CollabRLCu_NoLearning.Policy.LearningRate.mean": {
            "value": 1.0411237129186601e-10,
            "min": 1.0411237129186601e-10,
            "max": 1.8096453181818184e-10,
            "count": 17
        },
        "CollabRLCu_NoLearning.Policy.LearningRate.sum": {
            "value": 1.9781350545454543e-09,
            "min": 1.4477162545454547e-09,
            "max": 3.5553170000000004e-09,
            "count": 17
        },
        "CollabRLCu_NoLearning.Policy.Epsilon.mean": {
            "value": 0.10045693014354068,
            "min": 0.10045693014354068,
            "max": 0.10899605909090909,
            "count": 17
        },
        "CollabRLCu_NoLearning.Policy.Epsilon.sum": {
            "value": 1.9086816727272728,
            "min": 0.8719684727272727,
            "max": 2.172813,
            "count": 17
        },
        "CollabRLCu_NoLearning.Policy.Beta.mean": {
            "value": 5.5647321339712866e-05,
            "min": 5.5647321339712866e-05,
            "max": 0.0009087063031818183,
            "count": 17
        },
        "CollabRLCu_NoLearning.Policy.Beta.sum": {
            "value": 0.0010572991054545444,
            "min": 0.0010572991054545444,
            "max": 0.0174640187,
            "count": 17
        },
        "CollabRLCu_NoLearning.Losses.CuriosityForwardLoss.mean": {
            "value": 0.01870535062601332,
            "min": 0.01821215654422196,
            "max": 0.020027686567260942,
            "count": 17
        },
        "CollabRLCu_NoLearning.Losses.CuriosityForwardLoss.sum": {
            "value": 0.3554016618942531,
            "min": 0.1516353108631739,
            "max": 0.4005537313452189,
            "count": 17
        },
        "CollabRLCu_NoLearning.Losses.CuriosityInverseLoss.mean": {
            "value": 0.030974698630721016,
            "min": 0.02344278379884622,
            "max": 0.04079568109096058,
            "count": 17
        },
        "CollabRLCu_NoLearning.Losses.CuriosityInverseLoss.sum": {
            "value": 0.5885192739836993,
            "min": 0.22432523293251852,
            "max": 0.8159136218192116,
            "count": 17
        },
        "CollabRLCu_NoLearning.IsTraining.mean": {
            "value": 1.0,
            "min": 1.0,
            "max": 1.0,
            "count": 17
        },
        "CollabRLCu_NoLearning.IsTraining.sum": {
            "value": 1.0,
            "min": 1.0,
            "max": 1.0,
            "count": 17
        }
    },
    "metadata": {
        "timer_format_version": "0.1.0",
        "start_time_seconds": "1696742980",
        "python_version": "3.9.18 (main, Sep 11 2023, 14:09:26) [MSC v.1916 64 bit (AMD64)]",
        "command_line_arguments": "C:\\Users\\dhh3hb\\Anaconda3\\envs\\ml-agents-230\\Scripts\\mlagents-learn config/FireAgent_NoLearning.yaml --run-id RL_Cu_Curriculum_Reward_StaticOnly_NL --resume",
        "mlagents_version": "0.30.0",
        "mlagents_envs_version": "0.30.0",
        "communication_protocol_version": "1.5.0",
        "pytorch_version": "2.0.1",
        "numpy_version": "1.21.2",
        "end_time_seconds": "1696744002"
    },
    "total": 1022.0960627,
    "count": 1,
    "self": 0.007770800000002964,
    "children": {
        "run_training.setup": {
            "total": 0.12217970000000022,
            "count": 1,
            "self": 0.12217970000000022
        },
        "TrainerController.start_learning": {
            "total": 1021.9661122,
            "count": 1,
            "self": 1.1229194000003417,
            "children": {
                "TrainerController._reset_env": {
                    "total": 49.583556,
                    "count": 1,
                    "self": 49.583556
                },