{
    "name": "root",
    "gauges": {
        "CollabRLCu_NoLearning.Policy.Entropy.mean": {
            "value": 0.1886274367570877,
            "min": 0.16431568562984467,
            "max": 0.19816619157791138,
            "count": 17
        },
        "CollabRLCu_NoLearning.Policy.Entropy.sum": {
            "value": 5710.1298828125,
            "min": 1869.2552490234375,
            "max": 5891.1572265625,
            "count": 17
        },
        "CollabRLCu_NoLearning.Environment.EpisodeLength.mean": {
            "value": 101.48275862068965,
            "min": 89.86842105263158,
            "max": 101.48275862068965,
            "count": 17
        },
        "CollabRLCu_NoLearning.Environment.EpisodeLength.sum": {
            "value": 29430.0,
            "min": 10245.0,
            "max": 30322.0,
            "count": 17
        },
        "CollabRLCu_NoLearning.Step.mean": {
            "value": 5489943.0,
            "min": 5009905.0,
            "max": 5489943.0,
            "count": 17
        },
        "CollabRLCu_NoLearning.Step.sum": {
            "value": 5489943.0,
            "min": 5009905.0,
            "max": 5489943.0,
            "count": 17
        },
        "CollabRLCu_NoLearning.Policy.ExtrinsicValueEstimate.mean": {
            "value": 3.3085262775421143,
            "min": 3.220952033996582,
            "max": 3.351682424545288,
            "count": 17
        },
        "CollabRLCu_NoLearning.Policy.ExtrinsicValueEstimate.sum": {
            "value": 1214.2291259765625,
            "min": 425.6636657714844,
            "max": 1283.260498046875,
            "count": 17
        },
        "CollabRLCu_NoLearning.Policy.CuriosityValueEstimate.mean": {
            "value": 0.04174087941646576,
            "min": 0.03972721844911575,
            "max": 0.04174087941646576,
            "count": 17
        },
        "CollabRLCu_NoLearning.Policy.CuriosityValueEstimate.sum": {
            "value": 15.318902969360352,
            "min": 5.045356750488281,
            "max": 15.61353874206543,
            "count": 17
        },
        "CollabRLCu_NoLearning.Environment.CumulativeReward.mean": {
            "value": 5.0716965354722126,
            "min": 4.882868793126075,
            "max": 5.118342838400886,
            "count": 17
        },
        "CollabRLCu_NoLearning.Environment.CumulativeReward.sum": {
            "value": 1470.7919952869415,
            "min": 537.425998032093,
            "max": 1610.8659906089306,
            "count": 17
        },
        "CollabRLCu_NoLearning.Policy.ExtrinsicReward.mean": {
            "value": 5.0716965354722126,
            "min": 4.882868793126075,
            "max": 5.118342838400886,
            "count": 17
        },
        "CollabRLCu_NoLearning.Policy.ExtrinsicReward.sum": {
            "value": 1470.7919952869415,
            "min": 537.425998032093,
            "max": 1610.8659906089306,
            "count": 17
        },
        "CollabRLCu_NoLearning.Policy.CuriosityReward.mean": {
            "value": 0.057881972589981665,
            "min": 0.04477127274758892,
            "max": 0.057881972589981665,
            "count": 17
        },
        "CollabRLCu_NoLearning.Policy.CuriosityReward.sum": {
            "value": 16.785772051094682,
            "min": 4.700983638496837,
            "max": 17.471455643244553,
            "count": 17
        },
        "CollabRLCu_NoLearning.Losses.PolicyLoss.mean": {
            "value": 0.09685543043669693,
            "min": 0.09221989476943493,
            "max": 0.10329548809178442,
            "count": 17
        },
        "CollabRLCu_NoLearning.Losses.PolicyLoss.sum": {
            "value": 2.711952052227514,
            "min": 0.8299790529249144,
            "max": 2.8922736665699635,
            "count": 17
        },
        "CollabRLCu_NoLearning.Losses.ValueLoss.mean": {
            "value": 0.08806345583587305,
            "min": 0.07914437346932118,
            "max": 0.09533716584500453,
            "count": 17
        },
        "CollabRLCu_NoLearning.Losses.ValueLoss.sum": {
            "value": 2.4657767634044454,
            "min": 0.7122993612238906,
            "max": 2.574103477815122,
            "count": 17
        },
        "CollabRLCu_NoLearning.Policy.LearningRate.mean": {
            "value": 1.040504909090909e-10,
            "min": 1.040504909090909e-10,
            "max": 1.8093629090909092e-10,
            "count": 17
        },
        "CollabRLCu_NoLearning.Policy.LearningRate.sum": {
            "value": 2.913413745454545e-09,
            "min": 1.6284266181818183e-09,
            "max": 4.838324581818182e-09,
            "count": 17
        },
        "CollabRLCu_NoLearning.Policy.Epsilon.mean": {
            "value": 0.10045005454545455,
            "min": 0.10045005454545455,
            "max": 0.10899292121212123,
            "count": 17
        },
        "CollabRLCu_NoLearning.Policy.Epsilon.sum": {
            "value": 2.8126015272727276,
            "min": 0.9809362909090911,
            "max": 3.0264805090909093,
            "count": 17
        },
        "CollabRLCu_NoLearning.Policy.Beta.mean": {
            "value": 5.4960449090909055e-05,
            "min": 5.4960449090909055e-05,
            "max": 0.0009083928290909092,
            "count": 17
        },
        "CollabRLCu_NoLearning.Policy.Beta.sum": {
            "value": 0.0015388925745454536,
            "min": 0.0015388925745454536,
            "max": 0.02356378108363636,
            "count": 17
        },
        "CollabRLCu_NoLearning.Losses.CuriosityForwardLoss.mean": {
            "value": 0.028185165187550043,
            "min": 0.027761681774250556,
            "max": 0.028894015120964046,
            "count": 17
        },
        "CollabRLCu_NoLearning.Losses.CuriosityForwardLoss.sum": {
            "value": 0.7891846252514012,
            "min": 0.2532611930744568,
            "max": 0.8090324233869933,
            "count": 17
        },
        "CollabRLCu_NoLearning.Losses.CuriosityInverseLoss.mean": {
            "value": 0.05040029730266137,
            "min": 0.045734782256637706,
            "max": 0.0528225357688703,
            "count": 17
        },
        "CollabRLCu_NoLearning.Losses.CuriosityInverseLoss.sum": {
            "value": 1.4112083244745184,
            "min": 0.43017419292979947,
            "max": 1.4292361540946912,
            "count": 17
        },
        "CollabRLCu_NoLearning.IsTraining.mean": {
            "value": 1.0,
            "min": 1.0,
            "max": 1.0,
            "count": 17
        },
        "CollabRLCu_NoLearning.IsTraining.sum": {
            "value": 1.0,
            "min": 1.0,
            "max": 1.0,
            "count": 17
        }
    },
    "metadata": {
        "timer_format_version": "0.1.0",
        "start_time_seconds": "1697662749",
        "python_version": "3.9.18 (main, Sep 11 2023, 14:09:26) [MSC v.1916 64 bit (AMD64)]",
        "command_line_arguments": "C:\\Users\\dhh3hb\\Anaconda3\\envs\\ml-agents-230\\Scripts\\mlagents-learn config/FireAgent_NoLearning.yaml --run-id RL_Cu_Curriculum_ProgressBased_DynamicOnly_NL --resume",
        "mlagents_version": "0.30.0",
        "mlagents_envs_version": "0.30.0",
        "communication_protocol_version": "1.5.0",
        "pytorch_version": "2.0.1",
        "numpy_version": "1.21.2",
        "end_time_seconds": "1697663788"
    },
    "total": 1038.7616047000001,
    "count": 1,
    "self": 0.007844100000056642,
    "children": {
        "run_training.setup": {
            "total": 0.11104500000000028,
            "count": 1,
            "self": 0.11104500000000028
        },
        "TrainerController.start_learning": {
            "total": 1038.6427156,
            "count": 1,
            "self": 1.0646226000026218,
            "children": {
                "TrainerController._reset_env": {
                    "total": 19.9523018,
                    "count": 1,