{
    "name": "root",
    "gauges": {
        "CollabRLCu_NoLearning.Policy.Entropy.mean": {
            "value": 0.18227767944335938,
            "min": 0.15384186804294586,
            "max": 0.21911069750785828,
            "count": 17
        },
        "CollabRLCu_NoLearning.Policy.Entropy.sum": {
            "value": 5372.087890625,
            "min": 1624.5701904296875,
            "max": 6594.35546875,
            "count": 17
        },
        "CollabRLCu_NoLearning.Environment.EpisodeLength.mean": {
            "value": 195.97202797202797,
            "min": 154.73584905660377,
            "max": 231.16030534351145,
            "count": 17
        },
        "CollabRLCu_NoLearning.Environment.EpisodeLength.sum": {
            "value": 28024.0,
            "min": 8201.0,
            "max": 31449.0,
            "count": 17
        },
        "CollabRLCu_NoLearning.Step.mean": {
            "value": 5489937.0,
            "min": 5009987.0,
            "max": 5489937.0,
            "count": 17
        },
        "CollabRLCu_NoLearning.Step.sum": {
            "value": 5489937.0,
            "min": 5009987.0,
            "max": 5489937.0,
            "count": 17
        },
        "CollabRLCu_NoLearning.Policy.ExtrinsicValueEstimate.mean": {
            "value": 3.413607358932495,
            "min": 3.332688093185425,
            "max": 3.5113089084625244,
            "count": 17
        },
        "CollabRLCu_NoLearning.Policy.ExtrinsicValueEstimate.sum": {
            "value": 1058.21826171875,
            "min": 351.3998718261719,
            "max": 1112.41259765625,
            "count": 17
        },
        "CollabRLCu_NoLearning.Policy.CuriosityValueEstimate.mean": {
            "value": 0.020353855565190315,
            "min": 0.019987143576145172,
            "max": 0.020745940506458282,
            "count": 17
        },
        "CollabRLCu_NoLearning.Policy.CuriosityValueEstimate.sum": {
            "value": 6.309695243835449,
            "min": 2.070718765258789,
            "max": 6.544774532318115,
            "count": 17
        },
        "CollabRLCu_NoLearning.Environment.CumulativeReward.mean": {
            "value": 5.1457412345009255,
            "min": 4.972727762361368,
            "max": 5.225291967935806,
            "count": 17
        },
        "CollabRLCu_NoLearning.Environment.CumulativeReward.sum": {
            "value": 735.8409965336323,
            "min": 275.79900048673153,
            "max": 770.1619952172041,
            "count": 17
        },
        "CollabRLCu_NoLearning.Policy.ExtrinsicReward.mean": {
            "value": 5.1457412345009255,
            "min": 4.972727762361368,
            "max": 5.225291967935806,
            "count": 17
        },
        "CollabRLCu_NoLearning.Policy.ExtrinsicReward.sum": {
            "value": 735.8409965336323,
            "min": 275.79900048673153,
            "max": 770.1619952172041,
            "count": 17
        },
        "CollabRLCu_NoLearning.Policy.CuriosityReward.mean": {
            "value": 0.058551259190589025,
            "min": 0.03700678460662394,
            "max": 0.07416140749623794,
            "count": 17
        },
        "CollabRLCu_NoLearning.Policy.CuriosityReward.sum": {
            "value": 8.37283006425423,
            "min": 1.9613595841510687,
            "max": 10.95980374737701,
            "count": 17
        },
        "CollabRLCu_NoLearning.Losses.PolicyLoss.mean": {
            "value": 0.0929809251439882,
            "min": 0.0929809251439882,
            "max": 0.10062900901737655,
            "count": 17
        },
        "CollabRLCu_NoLearning.Losses.PolicyLoss.sum": {
            "value": 2.5104849788876815,
            "min": 0.7660722044957391,
            "max": 2.7534796590057016,
            "count": 17
        },
        "CollabRLCu_NoLearning.Losses.ValueLoss.mean": {
            "value": 0.10022687252773545,
            "min": 0.08478038608297414,
            "max": 0.10708174295814113,
            "count": 17
        },
        "CollabRLCu_NoLearning.Losses.ValueLoss.sum": {
            "value": 2.706125558248857,
            "min": 0.6782430886637931,
            "max": 2.9628983269262563,
            "count": 17
        },
        "CollabRLCu_NoLearning.Policy.LearningRate.mean": {
            "value": 1.0406713939393942e-10,
            "min": 1.0406713939393942e-10,
            "max": 1.8095964318181822e-10,
            "count": 17
        },
        "CollabRLCu_NoLearning.Policy.LearningRate.sum": {
            "value": 2.8098127636363643e-09,
            "min": 1.4476771454545458e-09,
            "max": 4.800134945454545e-09,
            "count": 17
        },
        "CollabRLCu_NoLearning.Policy.Epsilon.mean": {
            "value": 0.10045190437710438,
            "min": 0.10045190437710438,
            "max": 0.10899551590909093,
            "count": 17
        },
        "CollabRLCu_NoLearning.Policy.Epsilon.sum": {
            "value": 2.7122014181818184,
            "min": 0.8719641272727274,
            "max": 2.9960517272727274,
            "count": 17
        },
        "CollabRLCu_NoLearning.Policy.Beta.mean": {
            "value": 5.514524727272732e-05,
            "min": 5.514524727272732e-05,
            "max": 0.000908652039318182,
            "count": 17
        },
        "CollabRLCu_NoLearning.Policy.Beta.sum": {
            "value": 0.0014889216763636377,
            "min": 0.0014889216763636377,
            "max": 0.02358149789454546,
            "count": 17
        },
        "CollabRLCu_NoLearning.Losses.CuriosityForwardLoss.mean": {
            "value": 0.014898418823884227,
            "min": 0.014082730574135019,
            "max": 0.019447518354560156,
            "count": 17
        },
        "CollabRLCu_NoLearning.Losses.CuriosityForwardLoss.sum": {
            "value": 0.4022573082448741,
            "min": 0.11266184459308015,
            "max": 0.5250829955731242,
            "count": 17
        },
        "CollabRLCu_NoLearning.Losses.CuriosityInverseLoss.mean": {
            "value": 0.03146853343147233,
            "min": 0.025318944820715134,
            "max": 0.07879862019070825,
            "count": 17
        },
        "CollabRLCu_NoLearning.Losses.CuriosityInverseLoss.sum": {
            "value": 0.849650402649753,
            "min": 0.20255155856572107,
            "max": 2.206361365339831,
            "count": 17
        },
        "CollabRLCu_NoLearning.IsTraining.mean": {
            "value": 1.0,
            "min": 1.0,
            "max": 1.0,
            "count": 17
        },
        "CollabRLCu_NoLearning.IsTraining.sum": {
            "value": 1.0,
            "min": 1.0,
            "max": 1.0,
            "count": 17
        }
    },
    "metadata": {
        "timer_format_version": "0.1.0",
        "start_time_seconds": "1698987111",
        "python_version": "3.9.18 (main, Sep 11 2023, 14:09:26) [MSC v.1916 64 bit (AMD64)]",
        "command_line_arguments": "C:\\Users\\dhh3hb\\Anaconda3\\envs\\ml-agents-230\\Scripts\\mlagents-learn config/FireAgent_NoLearning.yaml --run-id RL_Cu_Curriculum_Reward_DynamicOnly_NL --resume",
        "mlagents_version": "0.30.0",
        "mlagents_envs_version": "0.30.0",
        "communication_protocol_version": "1.5.0",
        "pytorch_version": "2.0.1",
        "numpy_version": "1.21.2",
        "end_time_seconds": "1698988221"
    },
    "total": 1110.2183279,
    "count": 1,
    "self": 0.008322600000155944,
    "children": {
        "run_training.setup": {
            "total": 0.11006050000000034,
            "count": 1,
            "self": 0.11006050000000034
        },
        "TrainerController.start_learning": {
            "total": 1110.0999448,
            "count": 1,
            "self": 0.9848962999997184,
            "children": {
                "TrainerController._reset_env": {
                    "total": 22.1179907,
                    "count": 1,
                    "self": 22.1179907
                },