{
    "name": "root",
    "gauges": {
        "CollabRLCu_NoLearning.Policy.Entropy.mean": {
            "value": 0.23416674137115479,
            "min": 0.20513282716274261,
            "max": 0.2565917670726776,
            "count": 17
        },
        "CollabRLCu_NoLearning.Policy.Entropy.sum": {
            "value": 6961.30908203125,
            "min": 2372.9765625,
            "max": 7866.0771484375,
            "count": 17
        },
        "CollabRLCu_NoLearning.Environment.EpisodeLength.mean": {
            "value": 238.35897435897436,
            "min": 163.59259259259258,
            "max": 286.58620689655174,
            "count": 17
        },
        "CollabRLCu_NoLearning.Environment.EpisodeLength.sum": {
            "value": 27888.0,
            "min": 8834.0,
            "max": 33244.0,
            "count": 17
        },
        "CollabRLCu_NoLearning.Step.mean": {
            "value": 5489982.0,
            "min": 5009949.0,
            "max": 5489982.0,
            "count": 17
        },
        "CollabRLCu_NoLearning.Step.sum": {
            "value": 5489982.0,
            "min": 5009949.0,
            "max": 5489982.0,
            "count": 17
        },
        "CollabRLCu_NoLearning.Policy.ExtrinsicValueEstimate.mean": {
            "value": 3.0410990715026855,
            "min": 2.9441676139831543,
            "max": 3.151733875274658,
            "count": 17
        },
        "CollabRLCu_NoLearning.Policy.ExtrinsicValueEstimate.sum": {
            "value": 909.2886352539062,
            "min": 319.54693603515625,
            "max": 959.759765625,
            "count": 17
        },
        "CollabRLCu_NoLearning.Policy.CuriosityValueEstimate.mean": {
            "value": -3.2132344245910645,
            "min": -3.3370208740234375,
            "max": -3.1124820709228516,
            "count": 17
        },
        "CollabRLCu_NoLearning.Policy.CuriosityValueEstimate.sum": {
            "value": -960.757080078125,
            "min": -1016.01708984375,
            "max": -342.0227966308594,
            "count": 17
        },
        "CollabRLCu_NoLearning.Environment.CumulativeReward.mean": {
            "value": 5.160858315353592,
            "min": 4.962886018694466,
            "max": 5.213815455657563,
            "count": 17
        },
        "CollabRLCu_NoLearning.Environment.CumulativeReward.sum": {
            "value": 619.3029978424311,
            "min": 273.4359997808933,
            "max": 660.0814977288246,
            "count": 17
        },
        "CollabRLCu_NoLearning.Policy.ExtrinsicReward.mean": {
            "value": 5.160858315353592,
            "min": 4.962886018694466,
            "max": 5.213815455657563,
            "count": 17
        },
        "CollabRLCu_NoLearning.Policy.ExtrinsicReward.sum": {
            "value": 619.3029978424311,
            "min": 273.4359997808933,
            "max": 660.0814977288246,
            "count": 17
        },
        "CollabRLCu_NoLearning.Policy.CuriosityReward.mean": {
            "value": 0.09311047964874888,
            "min": 0.05754652716996992,
            "max": 0.1122479461588324,
            "count": 17
        },
        "CollabRLCu_NoLearning.Policy.CuriosityReward.sum": {
            "value": 11.173257557849865,
            "min": 3.0499659400084056,
            "max": 12.965554898830305,
            "count": 17
        },
        "CollabRLCu_NoLearning.Losses.PolicyLoss.mean": {
            "value": 0.09958164189924018,
            "min": 0.09269189876139018,
            "max": 0.1001306726167594,
            "count": 17
        },
        "CollabRLCu_NoLearning.Losses.PolicyLoss.sum": {
            "value": 2.5891226893802446,
            "min": 0.8342270888525116,
            "max": 2.755311827685465,
            "count": 17
        },
        "CollabRLCu_NoLearning.Losses.ValueLoss.mean": {
            "value": 0.232929790063166,
            "min": 0.2130354034759039,
            "max": 0.2567912197824684,
            "count": 17
        },
        "CollabRLCu_NoLearning.Losses.ValueLoss.sum": {
            "value": 6.056174541642316,
            "min": 1.9173186312831352,
            "max": 6.933362934126646,
            "count": 17
        },
        "CollabRLCu_NoLearning.Policy.LearningRate.mean": {
            "value": 1.0407513706293707e-10,
            "min": 1.0407513706293707e-10,
            "max": 1.8091998181818183e-10,
            "count": 17
        },
        "CollabRLCu_NoLearning.Policy.LearningRate.sum": {
            "value": 2.7059535636363636e-09,
            "min": 1.6282798363636365e-09,
            "max": 4.798926818181818e-09,
            "count": 17
        },
        "CollabRLCu_NoLearning.Policy.Epsilon.mean": {
            "value": 0.10045279300699302,
            "min": 0.10045279300699302,
            "max": 0.10899110909090909,
            "count": 17
        },
        "CollabRLCu_NoLearning.Policy.Epsilon.sum": {
            "value": 2.6117726181818184,
            "min": 0.9809199818181819,
            "max": 2.9500343272727276,
            "count": 17
        },
        "CollabRLCu_NoLearning.Policy.Beta.mean": {
            "value": 5.523402139860142e-05,
            "min": 5.523402139860142e-05,
            "max": 0.0009082117981818183,
            "count": 17
        },
        "CollabRLCu_NoLearning.Policy.Beta.sum": {
            "value": 0.0014360845563636368,
            "min": 0.0014360845563636368,
            "max": 0.023568087681818183,
            "count": 17
        },
        "CollabRLCu_NoLearning.Losses.CuriosityForwardLoss.mean": {
            "value": 0.019512364866584416,
            "min": 0.01896823003711536,
            "max": 0.02113966929610216,
            "count": 17
        },
        "CollabRLCu_NoLearning.Losses.CuriosityForwardLoss.sum": {
            "value": 0.5073214865311948,
            "min": 0.18349833680344196,
            "max": 0.5707710709947583,
            "count": 17
        },
        "CollabRLCu_NoLearning.Losses.CuriosityInverseLoss.mean": {
            "value": 0.042610231962932774,
            "min": 0.039169801589134925,
            "max": 0.070636689806181,
            "count": 17
        },
        "CollabRLCu_NoLearning.Losses.CuriosityInverseLoss.sum": {
            "value": 1.107866031036252,
            "min": 0.3947518877106917,
            "max": 1.907190624766887,
            "count": 17
        },
        "CollabRLCu_NoLearning.IsTraining.mean": {
            "value": 1.0,
            "min": 1.0,
            "max": 1.0,
            "count": 17
        },
        "CollabRLCu_NoLearning.IsTraining.sum": {
            "value": 1.0,
            "min": 1.0,
            "max": 1.0,
            "count": 17
        }
    },
    "metadata": {
        "timer_format_version": "0.1.0",
        "start_time_seconds": "1698992347",
        "python_version": "3.9.18 (main, Sep 11 2023, 14:09:26) [MSC v.1916 64 bit (AMD64)]",
        "command_line_arguments": "C:\\Users\\dhh3hb\\Anaconda3\\envs\\ml-agents-230\\Scripts\\mlagents-learn config/FireAgent_NoLearning.yaml --run-id RL_Cu_Curriculum_Reward_Full_NL --resume",
        "mlagents_version": "0.30.0",
        "mlagents_envs_version": "0.30.0",
        "communication_protocol_version": "1.5.0",
        "pytorch_version": "2.0.1",
        "numpy_version": "1.21.2",
        "end_time_seconds": "1698993425"
    },
    "total": 1077.7764476999998,
    "count": 1,
    "self": 0.009987099999761995,
    "children": {
        "run_training.setup": {
            "total": 0.11362840000000007,
            "count": 1,
            "self": 0.11362840000000007
        },
        "TrainerController.start_learning": {
            "total": 1077.6528322000001,
            "count": 1,
            "self": 0.9824328999879981,
            "children": {
                "TrainerController._reset_env": {
                    "total": 20.916699199999996,
                    "count": 1,