{
    "name": "root",
    "gauges": {
        "PyramidsILNew.Policy.Entropy.mean": {
            "value": 0.5381185412406921,
            "min": 0.3472438156604767,
            "max": 0.6396307349205017,
            "count": 8
        },
        "PyramidsILNew.Policy.Entropy.sum": {
            "value": 26931.7578125,
            "min": 17412.193359375,
            "max": 32063.41015625,
            "count": 8
        },
        "PyramidsILNew.Step.mean": {
            "value": 399917.0,
            "min": 49925.0,
            "max": 399917.0,
            "count": 8
        },
        "PyramidsILNew.Step.sum": {
            "value": 399917.0,
            "min": 49925.0,
            "max": 399917.0,
            "count": 8
        },
        "PyramidsILNew.Policy.ExtrinsicValueEstimate.mean": {
            "value": -0.014851939864456654,
            "min": -0.0687408447265625,
            "max": 0.1363564133644104,
            "count": 8
        },
        "PyramidsILNew.Policy.ExtrinsicValueEstimate.sum": {
            "value": -6.059591293334961,
            "min": -27.633819580078125,
            "max": 54.406211853027344,
            "count": 8
        },
        "PyramidsILNew.Policy.GailValueEstimate.mean": {
            "value": 51.77091979980469,
            "min": 24.83230972290039,
            "max": 51.77091979980469,
            "count": 8
        },
        "PyramidsILNew.Policy.GailValueEstimate.sum": {
            "value": 21122.53515625,
            "min": 9908.091796875,
            "max": 21122.53515625,
            "count": 8
        },
        "PyramidsILNew.Losses.PolicyLoss.mean": {
            "value": 0.0679981994217087,
            "min": 0.06528456908284876,
            "max": 0.07089945647202463,
            "count": 8
        },
        "PyramidsILNew.Losses.PolicyLoss.sum": {
            "value": 1.631956786121009,
            "min": 0.9010444562790692,
            "max": 1.6882767326851358,
            "count": 8
        },
        "PyramidsILNew.Losses.ValueLoss.mean": {
            "value": 7.365360048703021,
            "min": 2.57943031171795,
            "max": 7.365360048703021,
            "count": 8
        },
        "PyramidsILNew.Losses.ValueLoss.sum": {
            "value": 176.7686411688725,
            "min": 43.244462047958756,
            "max": 176.7686411688725,
            "count": 8
        },
        "PyramidsILNew.Policy.LearningRate.mean": {
            "value": 0.0002887645412451541,
            "min": 0.0002887645412451541,
            "max": 0.0002991691595077162,
            "count": 8
        },
        "PyramidsILNew.Policy.LearningRate.sum": {
            "value": 0.006930348989883699,
            "min": 0.00388919907360031,
            "max": 0.00700204809598399,
            "count": 8
        },
        "PyramidsILNew.Policy.Epsilon.mean": {
            "value": 0.19625484583333339,
            "min": 0.19625484583333339,
            "max": 0.1997230530769231,
            "count": 8
        },
        "PyramidsILNew.Policy.Epsilon.sum": {
            "value": 4.710116300000001,
            "min": 2.59639969,
            "max": 4.73401601,
            "count": 8
        },
        "PyramidsILNew.Policy.Beta.mean": {
            "value": 0.00962585909875,
            "min": 0.00962585909875,
            "max": 0.009972333002384617,
            "count": 8
        },
        "PyramidsILNew.Policy.Beta.sum": {
            "value": 0.23102061837,
            "min": 0.129640329031,
            "max": 0.23340819939899998,
            "count": 8
        },
        "PyramidsILNew.Policy.GAILPolicyEstimate.mean": {
            "value": 0.4124414568456511,
            "min": 0.30443162246460276,
            "max": 0.4124414568456511,
            "count": 8
        },
        "PyramidsILNew.Policy.GAILPolicyEstimate.sum": {
            "value": 9.898594964295626,
            "min": 4.319483519008038,
            "max": 9.898594964295626,
            "count": 8
        },
        "PyramidsILNew.Policy.GAILExpertEstimate.mean": {
            "value": 0.610974148588462,
            "min": 0.610974148588462,
            "max": 0.6982818095988108,
            "count": 8
        },
        "PyramidsILNew.Policy.GAILExpertEstimate.sum": {
            "value": 14.663379566123087,
            "min": 8.755976540298004,
            "max": 15.349292206705785,
            "count": 8
        },
        "PyramidsILNew.Losses.GAILLoss.mean": {
            "value": 1.0966069697816339,
            "min": 0.7981356494278532,
            "max": 1.0966069697816339,
            "count": 8
        },
        "PyramidsILNew.Losses.GAILLoss.sum": {
            "value": 26.31856727475921,
            "min": 11.379222515029229,
            "max": 26.31856727475921,
            "count": 8
        },
        "PyramidsILNew.Policy.GAILGradMagLoss.mean": {
            "value": 0.05899239434155688,
            "min": 0.05899239434155688,
            "max": 0.7743369858098735,
            "count": 8
        },
        "PyramidsILNew.Policy.GAILGradMagLoss.sum": {
            "value": 1.415817464197365,
            "min": 1.4151030146966543,
            "max": 10.066380815528357,
            "count": 8
        },
        "PyramidsILNew.Losses.PretrainingLoss.mean": {
            "value": 0.0,
            "min": 0.0,
            "max": 0.42202496463965616,
            "count": 8
        },
        "PyramidsILNew.Losses.PretrainingLoss.sum": {
            "value": 0.0,
            "min": 0.0,
            "max": 5.48632454031553,
            "count": 8
        },
        "PyramidsILNew.Environment.EpisodeLength.mean": {
            "value": 798.258064516129,
            "min": 798.258064516129,
            "max": 991.1041666666666,
            "count": 8
        },
        "PyramidsILNew.Environment.EpisodeLength.sum": {
            "value": 49492.0,
            "min": 46924.0,
            "max": 52598.0,
            "count": 8
        },
        "PyramidsILNew.Environment.CumulativeReward.mean": {
            "value": 0.04013867147507206,
            "min": -0.9504167190752923,
            "max": 0.04013867147507206,
            "count": 8
        },
        "PyramidsILNew.Environment.CumulativeReward.sum": {
            "value": 2.4885976314544678,
            "min": -45.62000251561403,
            "max": 2.4885976314544678,
            "count": 8
        },
        "PyramidsILNew.Policy.ExtrinsicReward.mean": {
            "value": 0.04013867147507206,
            "min": -0.9504167190752923,
            "max": 0.04013867147507206,
            "count": 8
        },
        "PyramidsILNew.Policy.ExtrinsicReward.sum": {
            "value": 2.4885976314544678,
            "min": -45.62000251561403,
            "max": 2.4885976314544678,
            "count": 8
        },
        "PyramidsILNew.Policy.GailReward.mean": {
            "value": 425.52886496051667,
            "min": 361.87407945126904,
            "max": 447.68070260533744,
            "count": 8
        },
        "PyramidsILNew.Policy.GailReward.sum": {
            "value": 26382.789627552032,
            "min": 17725.871362686157,
            "max": 26382.789627552032,
            "count": 8
        },
        "PyramidsILNew.IsTraining.mean": {
            "value": 1.0,
            "min": 1.0,
            "max": 1.0,
            "count": 8
        },
        "PyramidsILNew.IsTraining.sum": {
            "value": 1.0,
            "min": 1.0,
            "max": 1.0,
            "count": 8
        }
    },
    "metadata": {
        "timer_format_version": "0.1.0",
        "start_time_seconds": "1695508167",
        "python_version": "3.9.18 (main, Sep 11 2023, 14:09:26) [MSC v.1916 64 bit (AMD64)]",
        "command_line_arguments": "C:\\Users\\dhh3hb\\Anaconda3\\envs\\ml-agents-230\\Scripts\\mlagents-learn D:\\GitHub\\MLAgents_2021\\config/Pyramids.yaml --run-id PyramidsCustom_IL_Test_04",
        "mlagents_version": "0.30.0",
        "mlagents_envs_version": "0.30.0",