{
    "name": "root",
    "gauges": {
        "CollabRLOnly.Policy.Entropy.mean": {
            "value": 0.12849847972393036,
            "min": 0.12101081013679504,
            "max": 1.5372074842453003,
            "count": 166
        },
        "CollabRLOnly.Policy.Entropy.sum": {
            "value": 3891.9619140625,
            "min": 3603.2177734375,
            "max": 46263.796875,
            "count": 166
        },
        "CollabRLOnly.Step.mean": {
            "value": 4979949.0,
            "min": 29920.0,
            "max": 4979949.0,
            "count": 166
        },
        "CollabRLOnly.Step.sum": {
            "value": 4979949.0,
            "min": 29920.0,
            "max": 4979949.0,
            "count": 166
        },
        "CollabRLOnly.Policy.ExtrinsicValueEstimate.mean": {
            "value": 3.654012680053711,
            "min": -0.19621320068836212,
            "max": 3.7157938480377197,
            "count": 166
        },
        "CollabRLOnly.Policy.ExtrinsicValueEstimate.sum": {
            "value": 1472.567138671875,
            "min": -47.09116744995117,
            "max": 1479.041015625,
            "count": 166
        },
        "CollabRLOnly.Losses.PolicyLoss.mean": {
            "value": 0.10122572880508787,
            "min": 0.09204383606991322,
            "max": 0.1066050361256633,
            "count": 166
        },
        "CollabRLOnly.Losses.PolicyLoss.sum": {
            "value": 2.8343204065424605,
            "min": 1.4108078993598203,
            "max": 2.9464427626922305,
            "count": 166
        },
        "CollabRLOnly.Losses.ValueLoss.mean": {
            "value": 0.08837607819141875,
            "min": 9.004108060487583e-05,
            "max": 0.1278850515162721,
            "count": 166
        },
        "CollabRLOnly.Losses.ValueLoss.sum": {
            "value": 2.474530189359725,
            "min": 0.0018008216120975165,
            "max": 3.580781442455619,
            "count": 166
        },
        "CollabRLOnly.Policy.LearningRate.mean": {
            "value": 2.105728583837855e-06,
            "min": 2.105728583837855e-06,
            "max": 0.00029909856030048,
            "count": 166
        },
        "CollabRLOnly.Policy.LearningRate.sum": {
            "value": 5.896040034745994e-05,
            "min": 5.896040034745994e-05,
            "max": 0.007669133823622139,
            "count": 166
        },
        "CollabRLOnly.Policy.Epsilon.mean": {
            "value": 0.10070187642857142,
            "min": 0.10070187642857142,
            "max": 0.19969952000000002,
            "count": 166
        },
        "CollabRLOnly.Policy.Epsilon.sum": {
            "value": 2.81965254,
            "min": 2.7957932800000003,
            "max": 5.356377859999999,
            "count": 166
        },
        "CollabRLOnly.Policy.Beta.mean": {
            "value": 8.011745521428565e-05,
            "min": 8.011745521428565e-05,
            "max": 0.009969982048,
            "count": 166
        },
        "CollabRLOnly.Policy.Beta.sum": {
            "value": 0.0022432887459999983,
            "min": 0.0022432887459999983,
            "max": 0.255662148214,
            "count": 166
        },
        "CollabRLOnly.Environment.EpisodeLength.mean": {
            "value": 76.91948051948052,
            "min": 75.04834605597965,
            "max": 499.0,
            "count": 166
        },
        "CollabRLOnly.Environment.EpisodeLength.sum": {
            "value": 29614.0,
            "min": 27944.0,
            "max": 31936.0,
            "count": 166
        },
        "CollabRLOnly.Environment.CumulativeReward.mean": {
            "value": 5.186187015106151,
            "min": -1.000000074505806,
            "max": 5.3390904001993675,
            "count": 166
        },
        "CollabRLOnly.Environment.CumulativeReward.sum": {
            "value": 1996.6820008158684,
            "min": -63.000004693865776,
            "max": 2038.771993637085,
            "count": 166
        },
        "CollabRLOnly.Policy.ExtrinsicReward.mean": {
            "value": 5.186187015106151,
            "min": -1.000000074505806,
            "max": 5.3390904001993675,
            "count": 166
        },
        "CollabRLOnly.Policy.ExtrinsicReward.sum": {
            "value": 1996.6820008158684,
            "min": -63.000004693865776,
            "max": 2038.771993637085,
            "count": 166
        },
        "CollabRLOnly.IsTraining.mean": {
            "value": 1.0,
            "min": 1.0,
            "max": 1.0,
            "count": 166
        },
        "CollabRLOnly.IsTraining.sum": {
            "value": 1.0,
            "min": 1.0,
            "max": 1.0,
            "count": 166
        }
    },
    "metadata": {
        "timer_format_version": "0.1.0",
        "start_time_seconds": "1695705460",
        "python_version": "3.9.18 (main, Sep 11 2023, 14:09:26) [MSC v.1916 64 bit (AMD64)]",
        "command_line_arguments": "C:\\Users\\dhh3hb\\Anaconda3\\envs\\ml-agents-230\\Scripts\\mlagents-learn D:\\GitHub\\MLAgents_2021\\config/DynamicHallwayFireCollab.yaml --run-id Collab_RL_Only_01 --force",
        "mlagents_version": "0.30.0",
        "mlagents_envs_version": "0.30.0",
        "communication_protocol_version": "1.5.0",
        "pytorch_version": "2.0.1",
        "numpy_version": "1.21.2",
        "end_time_seconds": "1695716619"
    },
    "total": 11158.9212954,
    "count": 1,
    "self": 0.023242299997946247,
    "children": {
        "run_training.setup": {
            "total": 0.11299780000000004,
            "count": 1,
            "self": 0.11299780000000004
        },
        "TrainerController.start_learning": {
            "total": 11158.7850553,
            "count": 1,
            "self": 17.134067999630133,
            "children": {
                "TrainerController._reset_env": {
                    "total": 10.9745133,
                    "count": 1,
                    "self": 10.9745133
                },
                "TrainerController.advance": {
                    "total": 11130.588034200371,
                    "count": 665817,
                    "self": 7.758550800015655,
                    "children": {
                        "env_step": {
                            "total": 11122.829483400355,
                            "count": 665817,
                            "self": 8802.675147500526,
                            "children": {
                                "SubprocessEnvManager._take_step": {
                                    "total": 2311.7651302998916,
                                    "count": 665817,
                                    "self": 35.412901999741734,
                                    "children": {
                                        "TorchPolicy.evaluate": {
                                            "total": 2276.35222830015,
                                            "count": 625052,
                                            "self": 2276.35222830015
                                        }
                                    }
                                },
                                "workers": {
                                    "total": 8.38920559993765,
                                    "count": 665817,
                                    "self": 0.0,
                                    "children": {
                                        "worker_root": {
                                            "total": 11132.434565299576,
                                            "count": 665817,
                                            "is_parallel": true,
                                            "self": 3596.0753298997843,
                                            "children": {
                                                "steps_from_proto": {
                                                    "total": 0.0007491999999995613,
                                                    "count": 1,